latitude,longitude,organic_carbon_percent,seagrass_species,random_core_variable,sediment_mean_depth_cm,median_carbon_density_100cm_calc,predicted_carbon_density,predicted_se,env_similarity_score,env_flag_low_similarity,env_flag_any_predictor_outside_range,env_n_predictors_outside_range,env_pct_predictors_outside_range,env_flag_novel_species,env_flag_extrapolation,carbon_stock,measured_carbon_density,measured_carbon_stock,density_residual,stock_residual,species_mean_predicted_carbon_density,species_mean_carbon_stock,species_mean_density_residual,species_mean_stock_residual
55.292436,10.790408,0.18,Unspecified,Baltic Sea_Nyborg Fjord_NA_1998_7_NA_55.292436_10.790408_3,3.179415,0.0105525,0.009521137813475139,0.008059398929393781,0.5740222212228306,FALSE,FALSE,0,0,FALSE,FALSE,0.952113781347514,0.0105525,1.05525,0.0010313621865248607,0.10313621865248601,0.017929555202261735,1.7929555202261735,-0.0073770552022617356,-0.7377055202261735
51.602651,4.119084,0.73,Unspecified,North Sea_Eastern Scheld_NA_1998_8_NA_51.602651_4.119084_NA,3.179415,0.0068474,0.009647075489428654,0.00827998910236787,0.5754127193081683,FALSE,FALSE,0,0,FALSE,FALSE,0.9647075489428654,0.0068474,0.6847400000000001,-0.0027996754894286536,-0.27996754894286524,0.017929555202261735,1.7929555202261735,-0.011082155202261735,-1.1082155202261734
51.602651,4.119084,0.3,Unspecified,North Sea_Eastern Scheld_NA_1998_8_NA_51.602651_4.119084_1,3.179415,0.002814,0.009647075489428654,0.00827998910236787,0.5754127193081683,FALSE,FALSE,0,0,FALSE,FALSE,0.9647075489428654,0.002814,0.28140000000000004,-0.006833075489428653,-0.6833075489428653,0.017929555202261735,1.7929555202261735,-0.015115555202261734,-1.5115555202261735
44.651162,-1.09674,0.32,Unspecified,Bay of Biscay_Arcachon Bay_NA_1998_7_NA_44.651162_-1.09674_NA,3.179415,0.0100835,0.008877507370131607,0.007669358452387574,0.5813582130725314,FALSE,FALSE,0,0,FALSE,FALSE,0.8877507370131608,0.0100835,1.00835,0.001205992629868393,0.12059926298683932,0.017929555202261735,1.7929555202261735,-0.007846055202261734,-0.7846055202261735
34.7043333333,33.2096666667,0.7,Unspecified,Limassol Bay_LM_1_NA_1997_8_NA_34.7043333333_33.2096666667_5,3.179415,0.006565999999999999,0.008495970445474689,0.007282817771466666,0.8417705005697005,FALSE,TRUE,1,7.6923076923076925,FALSE,TRUE,0.8495970445474689,0.006565999999999999,0.6566,-0.0019299704454746897,-0.1929970445474689,0.017929555202261735,1.7929555202261735,-0.011363555202261736,-1.1363555202261737
34.7008333333,33.2088333333,0.9,Unspecified,Limassol Bay_LM_2_NA_1997_8_NA_34.7008333333_33.2088333333_15,3.179415,0.008442,0.008495970445474689,0.007282817771466666,0.8417705005697005,FALSE,TRUE,1,7.6923076923076925,FALSE,TRUE,0.8495970445474689,0.008442,0.8442000000000001,-5.3970445474688794e-5,-0.00539704454746881,0.017929555202261735,1.7929555202261735,-0.009487555202261735,-0.9487555202261735
34.6998333333,33.2085,1.2,Unspecified,Limassol Bay_LM_3_NA_1997_8_NA_34.6998333333_33.2085_25,3.179415,0.011256,0.008495970445474689,0.007282817771466666,0.8417705005697005,FALSE,TRUE,1,7.6923076923076925,FALSE,TRUE,0.8495970445474689,0.011256,1.1256000000000002,0.0027600295545253117,0.2760029554525313,0.017929555202261735,1.7929555202261735,-0.0066735552022617346,-0.6673555202261734
34.6975,33.209,1.1,Unspecified,Limassol Bay_LM_4_NA_1997_8_NA_34.6975_33.209_35,3.179415,0.010318,0.008495970445474689,0.007282817771466666,0.8417705005697005,FALSE,TRUE,1,7.6923076923076925,FALSE,TRUE,0.8495970445474689,0.010318,1.0318000000000003,0.0018220295545253121,0.1822029554525314,0.017929555202261735,1.7929555202261735,-0.007611555202261734,-0.7611555202261733
34.6938333333,33.2081666667,0.7,Unspecified,Limassol Bay_LM_5_NA_1997_8_NA_34.6938333333_33.2081666667_50,3.179415,0.006565999999999999,0.008463652250012334,0.0072560230144365235,0.85941540056535215,FALSE,TRUE,1,7.6923076923076925,FALSE,TRUE,0.8463652250012335,0.006565999999999999,0.6566,-0.0018976522500123352,-0.1897652250012335,0.017929555202261735,1.7929555202261735,-0.011363555202261736,-1.1363555202261737
34.6818333333,33.2085,0.9,Unspecified,Limassol Bay_LM_6_NA_1997_8_NA_34.6818333333_33.2085_75,3.179415,0.008442,0.008495970445474689,0.007282817771466666,0.8417705005697005,FALSE,TRUE,1,7.6923076923076925,FALSE,TRUE,0.8495970445474689,0.008442,0.8442000000000001,-5.3970445474688794e-5,-0.00539704454746881,0.017929555202261735,1.7929555202261735,-0.009487555202261735,-0.9487555202261735
34.6691666667,33.2088333333,0.6,Unspecified,Limassol Bay_LM_7_NA_1997_8_NA_34.6691666667_33.2088333333_105,3.179415,0.005628,0.008495970445474689,0.007282817771466666,0.8417705005697005,FALSE,TRUE,1,7.6923076923076925,FALSE,TRUE,0.8495970445474689,0.005628,0.5628000000000001,-0.0028679704454746885,-0.2867970445474688,0.017929555202261735,1.7929555202261735,-0.012301555202261734,-1.2301555202261736
34.6578333333,33.2126666667,0.6,Unspecified,Limassol Bay_LM_8_NA_1997_8_NA_34.6578333333_33.2126666667_125,3.179415,0.005628,0.008529042406835038,0.007312574062890139,0.8419067701803293,FALSE,TRUE,1,7.6923076923076925,FALSE,TRUE,0.8529042406835039,0.005628,0.5628000000000001,-0.0029010424068350383,-0.2901042406835038,0.017929555202261735,1.7929555202261735,-0.012301555202261734,-1.2301555202261736
34.6543333333,33.2038333333,0.5,Unspecified,Limassol Bay_LM_9_NA_1997_8_NA_34.6543333333_33.2038333333_165,3.179415,0.00469,0.00850681790413436,0.007294868318304545,0.859630722440446,FALSE,TRUE,1,7.6923076923076925,FALSE,TRUE,0.8506817904134361,0.00469,0.469,-0.0038168179041343595,-0.3816817904134361,0.017929555202261735,1.7929555202261735,-0.013239555202261735,-1.3239555202261735
34.6513333333,33.2061666667,0.8,Unspecified,Limassol Bay_LM_10_NA_1997_8_NA_34.6513333333_33.2061666667_215,3.179415,0.007503999999999999,0.00850681790413436,0.007294868318304545,0.859630722440446,FALSE,TRUE,1,7.6923076923076925,FALSE,TRUE,0.8506817904134361,0.007503999999999999,0.7504,-0.0010028179041343599,-0.1002817904134361,0.017929555202261735,1.7929555202261735,-0.010425555202261735,-1.0425555202261736
54.383434,11.006999,0.058819255004953,Zostera marina,Graswarder_11.09.19_c1/s1_NA_2019_9_11_54.383434_11.006999_3.3,3.179415,5.517246119464591e-4,0.005794559167042209,0.005004292546782796,0.7233030109385543,FALSE,FALSE,0,0,FALSE,FALSE,0.5794559167042209,5.517246119464591e-4,0.05517246119464591,-0.005242834555095751,-0.524283455509575,0.008362357863480526,0.8362357863480526,-0.007810633251534067,-0.7810633251534067
54.383434,11.006999,0.06810725632554498,Zostera marina,Graswarder_11.09.19_c1/s3_NA_2019_9_11_54.383434_11.006999_3.3,15.87287,6.38846064333612e-4,0.005794559167042209,0.005004292546782796,0.7233030109385543,FALSE,FALSE,0,0,FALSE,FALSE,0.5794559167042209,6.38846064333612e-4,0.0638846064333612,-0.005155713102708598,-0.5155713102708597,0.008362357863480526,0.8362357863480526,-0.007723511799146914,-0.7723511799146914
54.383434,11.006999,0.06601834825309215,Zostera marina,Graswarder_11.09.19_c1/s4_NA_2019_9_11_54.383434_11.006999_3.3,20.62989,6.192521066140043e-4,0.005794559167042209,0.005004292546782796,0.7233030109385543,FALSE,FALSE,0,0,FALSE,FALSE,0.5794559167042209,6.192521066140043e-4,0.061925210661400436,-0.005175307060428205,-0.5175307060428205,0.008362357863480526,0.8362357863480526,-0.007743105756866521,-0.7743105756866522
54.383434,11.006999,0.09315613870664902,Zostera marina,Graswarder_11.09.19_c2/s1_NA_2019_9_11_54.383434_11.006999_3.3,3.179415,8.738045810683677e-4,0.005794559167042209,0.005004292546782796,0.7233030109385543,FALSE,FALSE,0,0,FALSE,FALSE,0.5794559167042209,8.738045810683677e-4,0.08738045810683678,-0.004920754585973842,-0.4920754585973841,0.008362357863480526,0.8362357863480526,-0.007488553282412158,-0.7488553282412158
54.383434,11.006999,0.06088833281268537,Zostera marina,Graswarder_11.09.19_c2/s3_NA_2019_9_11_54.383434_11.006999_3.3,15.87287,5.711325617829887e-4,0.005794559167042209,0.005004292546782796,0.7233030109385543,FALSE,FALSE,0,0,FALSE,FALSE,0.5794559167042209,5.711325617829887e-4,0.05711325617829888,-0.005223426605259221,-0.522342660525922,0.008362357863480526,0.8362357863480526,-0.007791225301697537,-0.7791225301697537
54.383434,11.006999,0.05095783168105637,Zostera marina,Graswarder_11.09.19_c2/s4_NA_2019_9_11_54.383434_11.006999_3.3,20.9478315,4.779844611683087e-4,0.005794559167042209,0.005004292546782796,0.7233030109385543,FALSE,FALSE,0,0,FALSE,FALSE,0.5794559167042209,4.779844611683087e-4,0.04779844611683087,-0.0053165747058739,-0.53165747058739,0.008362357863480526,0.8362357863480526,-0.007884373402312217,-0.7884373402312217
54.383434,11.006999,0.0756591429889739,Zostera marina,Graswarder_11.09.19_c3/s1_NA_2019_9_11_54.383434_11.006999_3.3,3.179415,7.096827612365751e-4,0.005794559167042209,0.005004292546782796,0.7233030109385543,FALSE,FALSE,0,0,FALSE,FALSE,0.5794559167042209,7.096827612365751e-4,0.07096827612365751,-0.005084876405805634,-0.5084876405805634,0.008362357863480526,0.8362357863480526,-0.0076526751022439506,-0.7652675102243951
54.383434,11.006999,0.05843037923661411,Zostera marina,Graswarder_11.09.19_c3/s3_NA_2019_9_11_54.383434_11.006999_3.3,15.87287,5.480769572394404e-4,0.005794559167042209,0.005004292546782796,0.7233030109385543,FALSE,FALSE,0,0,FALSE,FALSE,0.5794559167042209,5.480769572394404e-4,0.05480769572394404,-0.005246482209802769,-0.5246482209802769,0.008362357863480526,0.8362357863480526,-0.007814280906241085,-0.7814280906241086
54.383434,11.006999,0.05412991621222085,Zostera marina,Graswarder_11.09.19_c3/s4_NA_2019_9_11_54.383434_11.006999_3.3,22.2195975,5.077386140706315e-4,0.005794559167042209,0.005004292546782796,0.7233030109385543,FALSE,FALSE,0,0,FALSE,FALSE,0.5794559167042209,5.077386140706315e-4,0.05077386140706315,-0.005286820552971578,-0.5286820552971577,0.008362357863480526,0.8362357863480526,-0.007854619249409894,-0.7854619249409894
54.385917,11.006999,0.0656235592224834,Zostera marina,Graswarder_11.09.19_c4/s1_NA_2019_9_11_54.385917_11.006999_3.4,1.907649,6.155489855068943e-4,0.005794559167042209,0.005004292546782796,0.7233030109385543,FALSE,FALSE,0,0,FALSE,FALSE,0.5794559167042209,6.155489855068943e-4,0.061554898550689435,-0.005179010181535315,-0.5179010181535315,0.008362357863480526,0.8362357863480526,-0.007746808877973631,-0.7746808877973632
54.385917,11.006999,0.05101619382620105,Zostera marina,Graswarder_11.09.19_c4/s3_NA_2019_9_11_54.385917_11.006999_3.4,13.334179,4.785318980897658e-4,0.005794559167042209,0.005004292546782796,0.7233030109385543,FALSE,FALSE,0,0,FALSE,FALSE,0.5794559167042209,4.785318980897658e-4,0.04785318980897658,-0.005316027268952444,-0.5316027268952443,0.008362357863480526,0.8362357863480526,-0.00788382596539076,-0.788382596539076
54.385917,11.006999,0.05141073411175219,Zostera marina,Graswarder_11.09.19_c4/s4_NA_2019_9_11_54.385917_11.006999_3.4,19.6809065,4.822326859682355e-4,0.005794559167042209,0.005004292546782796,0.7233030109385543,FALSE,FALSE,0,0,FALSE,FALSE,0.5794559167042209,4.822326859682355e-4,0.04822326859682355,-0.005312326481073974,-0.5312326481073973,0.008362357863480526,0.8362357863480526,-0.00788012517751229,-0.788012517751229
54.385917,11.006999,0.06911636361149504,Zostera marina,Graswarder_11.09.19_c5/s1_NA_2019_9_11_54.385917_11.006999_3.4,3.179415,6.483114906758234e-4,0.005794559167042209,0.005004292546782796,0.7233030109385543,FALSE,FALSE,0,0,FALSE,FALSE,0.5794559167042209,6.483114906758234e-4,0.06483114906758235,-0.005146247676366386,-0.5146247676366386,0.008362357863480526,0.8362357863480526,-0.0077140463728047025,-0.7714046372804703
54.385917,11.006999,0.0620967689457679,Zostera marina,Graswarder_11.09.19_c5/s3_NA_2019_9_11_54.385917_11.006999_3.4,15.87287,5.824676927113028e-4,0.005794559167042209,0.005004292546782796,0.7233030109385543,FALSE,FALSE,0,0,FALSE,FALSE,0.5794559167042209,5.824676927113028e-4,0.05824676927113029,-0.0052120914743309064,-0.5212091474330907,0.008362357863480526,0.8362357863480526,-0.007779890170769223,-0.7779890170769224
54.385917,11.006999,0.06620927620173635,Zostera marina,Graswarder_11.09.19_c5/s4_NA_2019_9_11_54.385917_11.006999_3.4,20.3119485,6.210430107722869e-4,0.005794559167042209,0.005004292546782796,0.7233030109385543,FALSE,FALSE,0,0,FALSE,FALSE,0.5794559167042209,6.210430107722869e-4,0.06210430107722869,-0.005173516156269923,-0.5173516156269923,0.008362357863480526,0.8362357863480526,-0.007741314852708239,-0.774131485270824
54.385917,11.006999,0.05199850730396514,Zostera marina,Graswarder_11.09.19_c6/s1_NA_2019_9_11_54.385917_11.006999_3.4,3.179415,4.87745998511193e-4,0.005794559167042209,0.005004292546782796,0.7233030109385543,FALSE,FALSE,0,0,FALSE,FALSE,0.5794559167042209,4.87745998511193e-4,0.0487745998511193,-0.005306813168531016,-0.5306813168531016,0.008362357863480526,0.8362357863480526,-0.007874611864969332,-0.7874611864969333
54.385917,11.006999,0.06174850721716316,Zostera marina,Graswarder_11.09.19_c6/s3_NA_2019_9_11_54.385917_11.006999_3.4,15.87287,5.792009976969904e-4,0.005794559167042209,0.005004292546782796,0.7233030109385543,FALSE,FALSE,0,0,FALSE,FALSE,0.5794559167042209,5.792009976969904e-4,0.05792009976969904,-0.005215358169345219,-0.5215358169345219,0.008362357863480526,0.8362357863480526,-0.007783156865783535,-0.7783156865783536
54.385917,11.006999,0.06017782822321697,Zostera marina,Graswarder_11.09.19_c6/s4_NA_2019_9_11_54.385917_11.006999_3.4,20.9478315,5.644680287337752e-4,0.005794559167042209,0.005004292546782796,0.7233030109385543,FALSE,FALSE,0,0,FALSE,FALSE,0.5794559167042209,5.644680287337752e-4,0.05644680287337753,-0.005230091138308434,-0.5230091138308434,0.008362357863480526,0.8362357863480526,-0.007797889834746751,-0.7797889834746751
54.393652,10.192829,0.1387406741178645,Zostera marina,Falckenstein_19.09.19_c1/s1_NA_2019_9_19_54.393652_10.192829_3.7,3.179415,0.001301387523225569,0.006024627679961219,0.0051484442447962036,0.4421142195637095,TRUE,FALSE,0,0,FALSE,TRUE,0.6024627679961219,0.001301387523225569,0.1301387523225569,-0.00472324015673565,-0.47232401567356497,0.008362357863480526,0.8362357863480526,-0.007060970340254957,-0.7060970340254957
54.393652,10.192829,0.1903767174772256,Zostera marina,Falckenstein_19.09.19_c1/s3_NA_2019_9_19_54.393652_10.192829_3.7,15.87287,0.001785733609936376,0.006024627679961219,0.0051484442447962036,0.4421142195637095,TRUE,FALSE,0,0,FALSE,TRUE,0.6024627679961219,0.001785733609936376,0.17857336099363763,-0.004238894070024843,-0.42388940700248423,0.008362357863480526,0.8362357863480526,-0.00657662425354415,-0.657662425354415
54.393652,10.192829,0.11260447014227,Zostera marina,Falckenstein_19.09.19_c1/s4_NA_2019_9_19_54.393652_10.192829_3.7,21.265773,0.001056229929934493,0.006024627679961219,0.0051484442447962036,0.4421142195637095,TRUE,FALSE,0,0,FALSE,TRUE,0.6024627679961219,0.001056229929934493,0.10562299299344931,-0.004968397750026726,-0.49683977500267257,0.008362357863480526,0.8362357863480526,-0.007306127933546033,-0.7306127933546033
54.393652,10.192829,0.1662127904314287,Zostera marina,Falckenstein_19.09.19_c2/s1_NA_2019_9_19_54.393652_10.192829_3.7,3.179415,0.001559075974246801,0.006024627679961219,0.0051484442447962036,0.4421142195637095,TRUE,FALSE,0,0,FALSE,TRUE,0.6024627679961219,0.001559075974246801,0.1559075974246801,-0.004465551705714417,-0.4465551705714418,0.008362357863480526,0.8362357863480526,-0.006803281889233724,-0.6803281889233725
54.393652,10.192829,0.1687631593335103,Zostera marina,Falckenstein_19.09.19_c2/s3_NA_2019_9_19_54.393652_10.192829_3.7,15.5549285,0.001582998434548327,0.006024627679961219,0.0051484442447962036,0.4421142195637095,TRUE,FALSE,0,0,FALSE,TRUE,0.6024627679961219,0.001582998434548327,0.15829984345483272,-0.004441629245412892,-0.44416292454128914,0.008362357863480526,0.8362357863480526,-0.006779359428932199,-0.6779359428932199
54.393652,10.192829,0.1543268211449978,Zostera marina,Falckenstein_19.09.19_c3/s1_NA_2019_9_19_54.393652_10.192829_3.7,3.179415,0.001447585582340079,0.006024627679961219,0.0051484442447962036,0.4421142195637095,TRUE,FALSE,0,0,FALSE,TRUE,0.6024627679961219,0.001447585582340079,0.14475855823400793,-0.004577042097621139,-0.4577042097621139,0.008362357863480526,0.8362357863480526,-0.0069147722811404464,-0.6914772281140447
54.393652,10.192829,0.08068342023649526,Zostera marina,Falckenstein_19.09.19_c3/s3_NA_2019_9_19_54.393652_10.192829_3.7,15.87287,7.568104818183255e-4,0.006024627679961219,0.0051484442447962036,0.4421142195637095,TRUE,FALSE,0,0,FALSE,TRUE,0.6024627679961219,7.568104818183255e-4,0.07568104818183255,-0.005267817198142893,-0.5267817198142893,0.008362357863480526,0.8362357863480526,-0.0076055473816622,-0.7605547381662201
54.393652,10.192829,0.1049048286190179,Zostera marina,Falckenstein_19.09.19_c3/s4_NA_2019_9_19_54.393652_10.192829_3.7,22.2195975,9.840072924463875e-4,0.006024627679961219,0.0051484442447962036,0.4421142195637095,TRUE,FALSE,0,0,FALSE,TRUE,0.6024627679961219,9.840072924463875e-4,0.09840072924463876,-0.005040620387514831,-0.5040620387514831,0.008362357863480526,0.8362357863480526,-0.007378350571034138,-0.7378350571034139
54.393652,10.192829,0.1573055754955266,Zostera marina,Falckenstein_19.09.19_c4/s1_NA_2019_9_19_54.393652_10.192829_3.6,3.179415,0.001475526298148039,0.006024627679961219,0.0051484442447962036,0.4421142195637095,TRUE,FALSE,0,0,FALSE,TRUE,0.6024627679961219,0.001475526298148039,0.1475526298148039,-0.00454910138181318,-0.454910138181318,0.008362357863480526,0.8362357863480526,-0.006886831565332487,-0.6886831565332487
54.393652,10.192829,0.289342777809033,Zostera marina,Falckenstein_19.09.19_c4/s3_NA_2019_9_19_54.393652_10.192829_3.6,16.1908115,0.002714035255848729,0.006024627679961219,0.0051484442447962036,0.4421142195637095,TRUE,FALSE,0,0,FALSE,TRUE,0.6024627679961219,0.002714035255848729,0.2714035255848729,-0.0033105924241124897,-0.33105924241124896,0.008362357863480526,0.8362357863480526,-0.005648322607631796,-0.5648322607631797
54.393652,10.192829,0.1312935719478954,Zostera marina,Falckenstein_19.09.19_c4/s4_NA_2019_9_19_54.393652_10.192829_3.6,22.53632875,0.001231533704871259,0.006024627679961219,0.0051484442447962036,0.4421142195637095,TRUE,FALSE,0,0,FALSE,TRUE,0.6024627679961219,0.001231533704871259,0.1231533704871259,-0.00479309397508996,-0.479309397508996,0.008362357863480526,0.8362357863480526,-0.007130824158609267,-0.7130824158609267
54.393652,10.192829,0.2797997921553225,Zostera marina,Falckenstein_19.09.19_c5/s1_NA_2019_9_19_54.393652_10.192829_3.6,3.179415,0.002624522050416925,0.006024627679961219,0.0051484442447962036,0.4421142195637095,TRUE,FALSE,0,0,FALSE,TRUE,0.6024627679961219,0.002624522050416925,0.26245220504169253,-0.0034001056295442935,-0.34001056295442933,0.008362357863480526,0.8362357863480526,-0.005737835813063601,-0.5737835813063601
54.393652,10.192829,0.1400527079523549,Zostera marina,Falckenstein_19.09.19_c5/s3_NA_2019_9_19_54.393652_10.192829_3.6,15.87287,0.001313694400593089,0.006024627679961219,0.0051484442447962036,0.4421142195637095,TRUE,FALSE,0,0,FALSE,TRUE,0.6024627679961219,0.001313694400593089,0.13136944005930892,-0.00471093327936813,-0.4710933279368129,0.008362357863480526,0.8362357863480526,-0.007048663462887437,-0.7048663462887437
54.393652,10.192829,0.1275904971569603,Zostera marina,Falckenstein_19.09.19_c5/s4_NA_2019_9_19_54.393652_10.192829_3.6,22.2195975,0.001196798863332288,0.006024627679961219,0.0051484442447962036,0.4421142195637095,TRUE,FALSE,0,0,FALSE,TRUE,0.6024627679961219,0.001196798863332288,0.11967988633322882,-0.00482782881662893,-0.48278288166289307,0.008362357863480526,0.8362357863480526,-0.0071655590001482375,-0.7165559000148238
54.393652,10.192829,0.1811518638075799,Zostera marina,Falckenstein_19.09.19_c6/s1_NA_2019_9_19_54.393652_10.192829_3.6,3.179415,0.001699204482515099,0.006024627679961219,0.0051484442447962036,0.4421142195637095,TRUE,FALSE,0,0,FALSE,TRUE,0.6024627679961219,0.001699204482515099,0.1699204482515099,-0.0043254231974461195,-0.432542319744612,0.008362357863480526,0.8362357863480526,-0.0066631533809654265,-0.6663153380965428
54.393652,10.192829,0.2777114186514676,Zostera marina,Falckenstein_19.09.19_c6/s3_NA_2019_9_19_54.393652_10.192829_3.6,15.87287,0.002604933106950766,0.006024627679961219,0.0051484442447962036,0.4421142195637095,TRUE,FALSE,0,0,FALSE,TRUE,0.6024627679961219,0.002604933106950766,0.26049331069507664,-0.0034196945730104525,-0.3419694573010452,0.008362357863480526,0.8362357863480526,-0.0057574247565297595,-0.575742475652976
54.393652,10.192829,0.2265859987913958,Zostera marina,Falckenstein_19.09.19_c6/s4_NA_2019_9_19_54.393652_10.192829_3.6,22.2195975,0.002125376668663292,0.006024627679961219,0.0051484442447962036,0.4421142195637095,TRUE,FALSE,0,0,FALSE,TRUE,0.6024627679961219,0.002125376668663292,0.21253766686632922,-0.003899251011297927,-0.3899251011297926,0.008362357863480526,0.8362357863480526,-0.006236981194817234,-0.6236981194817234
54.761737,9.878866,0.1870240599556791,Zostera marina,Wackerballig_23.09.19_c1/s1_NA_2019_9_23_54.761737_9.878866_0.9,2.8614735,0.00175428568238427,0.00652503130803839,0.005485730713363854,0.6251389829861954,FALSE,TRUE,1,7.6923076923076925,FALSE,TRUE,0.652503130803839,0.00175428568238427,0.175428568238427,-0.0047707456256541195,-0.47707456256541203,0.008362357863480526,0.8362357863480526,-0.006608072181096256,-0.6608072181096256
54.761737,9.878866,0.06987078847306645,Zostera marina,Wackerballig_23.09.19_c1/s3_NA_2019_9_23_54.761737_9.878866_0.9,14.92025575,6.553879958773632e-4,0.00652503130803839,0.005485730713363854,0.6251389829861954,FALSE,TRUE,1,7.6923076923076925,FALSE,TRUE,0.652503130803839,6.553879958773632e-4,0.06553879958773633,-0.005869643312161026,-0.5869643312161027,0.008362357863480526,0.8362357863480526,-0.007706969867603162,-0.7706969867603163
54.761737,9.878866,0.0620343944649243,Zostera marina,Wackerballig_23.09.19_c1/s4_NA_2019_9_23_54.761737_9.878866_0.9,21.265773,5.8188262008099e-4,0.00652503130803839,0.005485730713363854,0.6251389829861954,FALSE,TRUE,1,7.6923076923076925,FALSE,TRUE,0.652503130803839,5.8188262008099e-4,0.058188262008099005,-0.0059431486879574,-0.59431486879574,0.008362357863480526,0.8362357863480526,-0.007780475243399536,-0.7780475243399536
54.761737,9.878866,0.1194687073787282,Zostera marina,Wackerballig_23.09.19_c2/s1_NA_2019_9_23_54.761737_9.878866_0.9,2.543532,0.001120616475212471,0.00652503130803839,0.005485730713363854,0.6251389829861954,FALSE,TRUE,1,7.6923076923076925,FALSE,TRUE,0.652503130803839,0.001120616475212471,0.1120616475212471,-0.005404414832825919,-0.5404414832825919,0.008362357863480526,0.8362357863480526,-0.007241741388268054,-0.7241741388268055
54.761737,9.878866,0.09420684843825086,Zostera marina,Wackerballig_23.09.19_c2/s3_NA_2019_9_23_54.761737_9.878866_0.9,14.285583,8.836602383507931e-4,0.00652503130803839,0.005485730713363854,0.6251389829861954,FALSE,TRUE,1,7.6923076923076925,FALSE,TRUE,0.652503130803839,8.836602383507931e-4,0.08836602383507931,-0.005641371069687597,-0.5641371069687597,0.008362357863480526,0.8362357863480526,-0.007478697625129733,-0.7478697625129733
54.761737,9.878866,0.06801985009815345,Zostera marina,Wackerballig_23.09.19_c2/s4_NA_2019_9_23_54.761737_9.878866_0.9,19.36175475,6.380261939206793e-4,0.00652503130803839,0.005485730713363854,0.6251389829861954,FALSE,TRUE,1,7.6923076923076925,FALSE,TRUE,0.652503130803839,6.380261939206793e-4,0.06380261939206792,-0.005887005114117711,-0.5887005114117712,0.008362357863480526,0.8362357863480526,-0.007724331669559846,-0.7724331669559847
54.761737,9.878866,0.1072263539175111,Zostera marina,Wackerballig_23.09.19_c3/s1_NA_2019_9_23_54.761737_9.878866_0.9,2.8614735,0.001005783199746254,0.00652503130803839,0.005485730713363854,0.6251389829861954,FALSE,TRUE,1,7.6923076923076925,FALSE,TRUE,0.652503130803839,0.001005783199746254,0.1005783199746254,-0.005519248108292136,-0.5519248108292136,0.008362357863480526,0.8362357863480526,-0.007356574663734272,-0.7356574663734272
54.761737,9.878866,0.07991092075431275,Zostera marina,Wackerballig_23.09.19_c3/s3_NA_2019_9_23_54.761737_9.878866_0.9,14.6035245,7.495644366754535e-4,0.00652503130803839,0.005485730713363854,0.6251389829861954,FALSE,TRUE,1,7.6923076923076925,FALSE,TRUE,0.652503130803839,7.495644366754535e-4,0.07495644366754535,-0.005775466871362937,-0.5775466871362936,0.008362357863480526,0.8362357863480526,-0.007612793426805072,-0.7612793426805072
54.761737,9.878866,0.05882104338077571,Zostera marina,Wackerballig_23.09.19_c3/s4_NA_2019_9_23_54.761737_9.878866_0.9,20.314369,5.517413869116761e-4,0.00652503130803839,0.005485730713363854,0.6251389829861954,FALSE,TRUE,1,7.6923076923076925,FALSE,TRUE,0.652503130803839,5.517413869116761e-4,0.05517413869116761,-0.005973289921126714,-0.5973289921126714,0.008362357863480526,0.8362357863480526,-0.00781061647656885,-0.781061647656885
54.76326,9.87408,0.08429243254761942,Zostera marina,Wackerballig_23.09.19_c4/s1_NA_2019_9_23_54.76326_9.87408_3.4,3.179415,7.906630172966702e-4,0.006581740531742691,0.0055075538829245435,0.6529844160360007,FALSE,TRUE,1,7.6923076923076925,FALSE,TRUE,0.6581740531742691,7.906630172966702e-4,0.07906630172966703,-0.005791077514446021,-0.5791077514446021,0.008362357863480526,0.8362357863480526,-0.007571694846183856,-0.7571694846183856
54.76326,9.87408,0.1237428531990386,Zostera marina,Wackerballig_23.09.19_c4/s3_NA_2019_9_23_54.76326_9.87408_3.4,17.14342575,0.001160707963006982,0.006581740531742691,0.0055075538829245435,0.6529844160360007,FALSE,TRUE,1,7.6923076923076925,FALSE,TRUE,0.6581740531742691,0.001160707963006982,0.11607079630069822,-0.005421032568735709,-0.5421032568735709,0.008362357863480526,0.8362357863480526,-0.007201649900473544,-0.7201649900473543
54.353833,11.088549,0.07621943410227094,Zostera marina,Grossenbrode_01.10.19_c2/s1_NA_2019_10_1_54.353833_11.088549_4.4,2.8614735,7.149382918793014e-4,0.00584152341382525,0.005042115192399228,0.6979146008917274,FALSE,FALSE,0,0,FALSE,FALSE,0.5841523413825249,7.149382918793014e-4,0.07149382918793014,-0.0051265851219459485,-0.5126585121945948,0.008362357863480526,0.8362357863480526,-0.007647419571601225,-0.7647419571601225
54.353833,11.088549,0.05503881828977536,Zostera marina,Grossenbrode_01.10.19_c2/s3_NA_2019_10_1_54.353833_11.088549_4.4,12.6958755,5.162641155580928e-4,0.00584152341382525,0.005042115192399228,0.6979146008917274,FALSE,FALSE,0,0,FALSE,FALSE,0.5841523413825249,5.162641155580928e-4,0.051626411555809285,-0.005325259298267156,-0.5325259298267156,0.008362357863480526,0.8362357863480526,-0.007846093747922432,-0.7846093747922434
54.353833,11.088549,0.117324355021825,Zostera marina,Grossenbrode_01.10.19_c3/s1_NA_2019_10_1_54.353833_11.088549_4.4,3.179415,0.001100502450104719,0.00584152341382525,0.005042115192399228,0.6979146008917274,FALSE,FALSE,0,0,FALSE,FALSE,0.5841523413825249,0.001100502450104719,0.11005024501047192,-0.004741020963720531,-0.47410209637205303,0.008362357863480526,0.8362357863480526,-0.007261855413375807,-0.7261855413375807
54.353833,11.088549,0.08546436423008762,Zostera marina,Grossenbrode_01.10.19_c3/s4_NA_2019_10_1_54.353833_11.088549_4.4,22.2195975,8.016557364782218e-4,0.00584152341382525,0.005042115192399228,0.6979146008917274,FALSE,FALSE,0,0,FALSE,FALSE,0.5841523413825249,8.016557364782218e-4,0.08016557364782217,-0.005039867677347027,-0.5039867677347027,0.008362357863480526,0.8362357863480526,-0.0075607021270023035,-0.7560702127002304
54.353833,11.088549,0.1093313988766871,Zostera marina,Grossenbrode_01.10.19_c4/s1_NA_2019_10_1_54.353833_11.088549_4.3,3.179415,0.001025528521463326,0.00584152341382525,0.005042115192399228,0.6979146008917274,FALSE,FALSE,0,0,FALSE,FALSE,0.5841523413825249,0.001025528521463326,0.10255285214633261,-0.004815994892361924,-0.48159948923619234,0.008362357863480526,0.8362357863480526,-0.0073368293420172,-0.73368293420172
54.353833,11.088549,0.05678458834065908,Zostera marina,Grossenbrode_01.10.19_c4/s3_NA_2019_10_1_54.353833_11.088549_4.3,15.87287,5.326394386353821e-4,0.00584152341382525,0.005042115192399228,0.6979146008917274,FALSE,FALSE,0,0,FALSE,FALSE,0.5841523413825249,5.326394386353821e-4,0.053263943863538214,-0.005308883975189868,-0.5308883975189868,0.008362357863480526,0.8362357863480526,-0.007829718424845143,-0.7829718424845145
54.353833,11.088549,0.06809846013170416,Zostera marina,Grossenbrode_01.10.19_c4/s4_NA_2019_10_1_54.353833_11.088549_4.3,21.901656,6.38763556035385e-4,0.00584152341382525,0.005042115192399228,0.6979146008917274,FALSE,FALSE,0,0,FALSE,FALSE,0.5841523413825249,6.38763556035385e-4,0.0638763556035385,-0.005202759857789865,-0.5202759857789864,0.008362357863480526,0.8362357863480526,-0.007723594307445141,-0.7723594307445141
54.353833,11.088549,0.1078156785817576,Zostera marina,Grossenbrode_01.10.19_c5/s1_NA_2019_10_1_54.353833_11.088549_4.3,3.179415,0.001011311065096886,0.00584152341382525,0.005042115192399228,0.6979146008917274,FALSE,FALSE,0,0,FALSE,FALSE,0.5841523413825249,0.001011311065096886,0.1011311065096886,-0.004830212348728363,-0.4830212348728363,0.008362357863480526,0.8362357863480526,-0.0073510467983836396,-0.735104679838364
54.353833,11.088549,0.07593190824217465,Zostera marina,Grossenbrode_01.10.19_c5/s3_NA_2019_10_1_54.353833_11.088549_4.3,16.50754275,7.122412993115981e-4,0.00584152341382525,0.005042115192399228,0.6979146008917274,FALSE,FALSE,0,0,FALSE,FALSE,0.5841523413825249,7.122412993115981e-4,0.07122412993115983,-0.005129282114513652,-0.5129282114513651,0.008362357863480526,0.8362357863480526,-0.007650116564168928,-0.7650116564168928
54.353833,11.088549,0.09872333376747197,Zostera marina,Grossenbrode_01.10.19_c5/s4_NA_2019_10_1_54.353833_11.088549_4.3,21.58250425,9.26024870738887e-4,0.00584152341382525,0.005042115192399228,0.6979146008917274,FALSE,FALSE,0,0,FALSE,FALSE,0.5841523413825249,9.26024870738887e-4,0.09260248707388871,-0.004915498543086362,-0.4915498543086362,0.008362357863480526,0.8362357863480526,-0.007436332992741638,-0.7436332992741639
54.353833,11.088549,0.08835972813176673,Zostera marina,Grossenbrode_01.10.19_c6/s1_NA_2019_10_1_54.353833_11.088549_4.3,3.179415,8.288142498759719e-4,0.00584152341382525,0.005042115192399228,0.6979146008917274,FALSE,FALSE,0,0,FALSE,FALSE,0.5841523413825249,8.288142498759719e-4,0.0828814249875972,-0.0050127091639492775,-0.5012709163949277,0.008362357863480526,0.8362357863480526,-0.007533543613604554,-0.7533543613604554
54.353833,11.088549,0.07123286032432355,Zostera marina,Grossenbrode_01.10.19_c6/s3_NA_2019_10_1_54.353833_11.088549_4.3,15.87287,6.681642298421548e-4,0.00584152341382525,0.005042115192399228,0.6979146008917274,FALSE,FALSE,0,0,FALSE,FALSE,0.5841523413825249,6.681642298421548e-4,0.06681642298421549,-0.005173359183983095,-0.5173359183983094,0.008362357863480526,0.8362357863480526,-0.007694193633638371,-0.7694193633638371
54.353833,11.088549,0.03250933551597386,Zostera marina,Grossenbrode_01.10.19_c6/s4_NA_2019_10_1_54.353833_11.088549_4.3,19.994007,3.049375671398348e-4,0.00584152341382525,0.005042115192399228,0.6979146008917274,FALSE,FALSE,0,0,FALSE,FALSE,0.5841523413825249,3.049375671398348e-4,0.03049375671398348,-0.005536585846685415,-0.5536585846685415,0.008362357863480526,0.8362357863480526,-0.00805742029634069,-0.8057420296340692
54.34387,10.174679,0.2965,Zostera marina,Hasselfelde_15.08.20_c1/s1_NA_2020_8_15_54.34387_10.174679_1.7,3.179415,0.002781169999999999,0.006024627679961219,0.0051484442447962036,0.4421142195637095,TRUE,FALSE,0,0,FALSE,TRUE,0.6024627679961219,0.002781169999999999,0.2781169999999999,-0.0032434576799612196,-0.32434576799612197,0.008362357863480526,0.8362357863480526,-0.005581187863480526,-0.5581187863480528
54.34387,10.174679,0.198,Zostera marina,Hasselfelde_15.08.20_c1/s3_NA_2020_8_15_54.34387_10.174679_1.7,15.87287,0.00185724,0.006024627679961219,0.0051484442447962036,0.4421142195637095,TRUE,FALSE,0,0,FALSE,TRUE,0.6024627679961219,0.00185724,0.185724,-0.004167387679961219,-0.41673876799612186,0.008362357863480526,0.8362357863480526,-0.006505117863480526,-0.6505117863480526
54.34387,10.174679,0.2945,Zostera marina,Hasselfelde_15.08.20_c2/s1_NA_2020_8_15_54.34387_10.174679_1.7,3.179415,0.002762409999999999,0.006024627679961219,0.0051484442447962036,0.4421142195637095,TRUE,FALSE,0,0,FALSE,TRUE,0.6024627679961219,0.002762409999999999,0.2762409999999999,-0.0032622176799612197,-0.32622176799612196,0.008362357863480526,0.8362357863480526,-0.005599947863480527,-0.5599947863480528
54.34387,10.174679,0.1445,Zostera marina,Hasselfelde_15.08.20_c2/s3_NA_2020_8_15_54.34387_10.174679_1.7,15.87287,0.00135541,0.006024627679961219,0.0051484442447962036,0.4421142195637095,TRUE,FALSE,0,0,FALSE,TRUE,0.6024627679961219,0.00135541,0.135541,-0.004669217679961219,-0.46692176799612184,0.008362357863480526,0.8362357863480526,-0.007006947863480526,-0.7006947863480526
54.34387,10.174679,0.07050000000000001,Zostera marina,Hasselfelde_15.08.20_c2/s5_NA_2020_8_15_54.34387_10.174679_1.7,27.37086496,6.6129e-4,0.006024627679961219,0.0051484442447962036,0.4421142195637095,TRUE,FALSE,0,0,FALSE,TRUE,0.6024627679961219,6.6129e-4,0.06612900000000001,-0.0053633376799612185,-0.5363337679961219,0.008362357863480526,0.8362357863480526,-0.007701067863480526,-0.7701067863480526
54.34387,10.174679,0.5565,Zostera marina,Hasselfelde_15.08.20_c3/s1_NA_2020_8_15_54.34387_10.174679_1.8,3.179415,0.005219969999999999,0.006024627679961219,0.0051484442447962036,0.4421142195637095,TRUE,FALSE,0,0,FALSE,TRUE,0.6024627679961219,0.005219969999999999,0.5219969999999999,-8.046576799612196e-4,-0.08046576799612193,0.008362357863480526,0.8362357863480526,-0.0031423878634805266,-0.3142387863480527
54.34387,10.174679,0.1975,Zostera marina,Hasselfelde_15.08.20_c3/s3_NA_2020_8_15_54.34387_10.174679_1.8,15.87287,0.00185255,0.006024627679961219,0.0051484442447962036,0.4421142195637095,TRUE,FALSE,0,0,FALSE,TRUE,0.6024627679961219,0.00185255,0.185255,-0.004172077679961219,-0.41720776799612186,0.008362357863480526,0.8362357863480526,-0.006509807863480526,-0.6509807863480526
54.34387,10.174679,0.1155,Zostera marina,Hasselfelde_15.08.20_c3/s5_NA_2020_8_15_54.34387_10.174679_1.8,26.94482335,0.00108339,0.006024627679961219,0.0051484442447962036,0.4421142195637095,TRUE,FALSE,0,0,FALSE,TRUE,0.6024627679961219,0.00108339,0.10833900000000002,-0.004941237679961219,-0.49412376799612184,0.008362357863480526,0.8362357863480526,-0.007278967863480526,-0.7278967863480525
54.34387,10.174679,0.0655,Zostera marina,Hasselfelde_10.11.20_c4/s1_NA_2020_10_11_54.34387_10.174679_4.3,3.179415,6.143899999999999e-4,0.006024627679961219,0.0051484442447962036,0.4421142195637095,TRUE,FALSE,0,0,FALSE,TRUE,0.6024627679961219,6.143899999999999e-4,0.061438999999999994,-0.0054102376799612184,-0.5410237679961218,0.008362357863480526,0.8362357863480526,-0.0077479678634805255,-0.7747967863480526
54.34387,10.174679,0.1285,Zostera marina,Hasselfelde_10.11.20_c4/s2_NA_2020_11_10_54.34387_10.174679_4.3,9.526142499999999,0.00120533,0.006024627679961219,0.0051484442447962036,0.4421142195637095,TRUE,FALSE,0,0,FALSE,TRUE,0.6024627679961219,0.00120533,0.12053299999999999,-0.004819297679961219,-0.48192976799612186,0.008362357863480526,0.8362357863480526,-0.007157027863480526,-0.7157027863480526
54.34387,10.174679,0.157,Zostera marina,Hasselfelde_10.11.20_c4/s4_NA_2020_11_10_54.34387_10.174679_4.3,20.12481435,0.00147266,0.006024627679961219,0.0051484442447962036,0.4421142195637095,TRUE,FALSE,0,0,FALSE,TRUE,0.6024627679961219,0.00147266,0.147266,-0.004551967679961219,-0.45519676799612185,0.008362357863480526,0.8362357863480526,-0.006889697863480526,-0.6889697863480526
54.34387,10.174679,0.1635,Zostera marina,Hasselfelde_10.11.20_c5/s1_NA_2020_11_10_54.34387_10.174679_3.3,3.179415,0.00153363,0.006024627679961219,0.0051484442447962036,0.4421142195637095,TRUE,FALSE,0,0,FALSE,TRUE,0.6024627679961219,0.00153363,0.15336300000000003,-0.0044909976799612185,-0.44909976799612183,0.008362357863480526,0.8362357863480526,-0.0068287278634805255,-0.6828727863480526
54.34387,10.174679,0.1535,Zostera marina,Hasselfelde_10.11.20_c5/s2_NA_2020_11_10_54.34387_10.174679_3.3,9.526142499999999,0.00143983,0.006024627679961219,0.0051484442447962036,0.4421142195637095,TRUE,FALSE,0,0,FALSE,TRUE,0.6024627679961219,0.00143983,0.143983,-0.004584797679961219,-0.4584797679961219,0.008362357863480526,0.8362357863480526,-0.006922527863480526,-0.6922527863480527
54.34387,10.174679,0.07100000000000001,Zostera marina,Hasselfelde_10.11.20_c5/s4_NA_2020_11_10_54.34387_10.174679_3.3,22.3467741,6.6598e-4,0.006024627679961219,0.0051484442447962036,0.4421142195637095,TRUE,FALSE,0,0,FALSE,TRUE,0.6024627679961219,6.6598e-4,0.066598,-0.005358647679961219,-0.5358647679961218,0.008362357863480526,0.8362357863480526,-0.007696377863480526,-0.7696377863480526
54.34387,10.174679,0.0735,Zostera marina,Hasselfelde_10.11.20_c6/s1_NA_2020_11_10_54.34387_10.174679_3.4,3.179415,6.8943e-4,0.006024627679961219,0.0051484442447962036,0.4421142195637095,TRUE,FALSE,0,0,FALSE,TRUE,0.6024627679961219,6.8943e-4,0.068943,-0.005335197679961219,-0.5335197679961219,0.008362357863480526,0.8362357863480526,-0.007672927863480526,-0.7672927863480526
54.34387,10.174679,0.041,Zostera marina,Hasselfelde_10.11.20_c6/s2_NA_2020_11_10_54.34387_10.174679_3.4,9.653319100000001,3.8458e-4,0.006024627679961219,0.0051484442447962036,0.4421142195637095,TRUE,FALSE,0,0,FALSE,TRUE,0.6024627679961219,3.8458e-4,0.038458,-0.005640047679961219,-0.5640047679961219,0.008362357863480526,0.8362357863480526,-0.007977777863480525,-0.7977777863480526
54.686087,10.006539,0.837,Zostera marina,Maasholm_19.08.20_c1/s1_NA_2020_8_19_54.686087_10.006539_1.2,3.179415,0.007851059999999998,0.005838329818385998,0.00504286458349683,0.6275728750893558,FALSE,TRUE,1,7.6923076923076925,FALSE,TRUE,0.5838329818385998,0.007851059999999998,0.7851059999999999,0.0020127301816140006,0.20127301816140009,0.008362357863480526,0.8362357863480526,-5.112978634805275e-4,-0.051129786348052764
54.686087,10.006539,0.552,Zostera marina,Maasholm_19.08.20_c1/s3_NA_2020_8_19_54.686087_10.006539_1.2,15.5549285,0.00517776,0.005838329818385998,0.00504286458349683,0.6275728750893558,FALSE,TRUE,1,7.6923076923076925,FALSE,TRUE,0.5838329818385998,0.00517776,0.517776,-6.605698183859976e-4,-0.06605698183859976,0.008362357863480526,0.8362357863480526,-0.0031845978634805257,-0.3184597863480526
54.686087,10.006539,0.48,Zostera marina,Maasholm_19.08.20_c2/s1_NA_2020_8_19_54.686087_10.006539_1.2,3.179415,0.004502399999999999,0.005838329818385998,0.00504286458349683,0.6275728750893558,FALSE,TRUE,1,7.6923076923076925,FALSE,TRUE,0.5838329818385998,0.004502399999999999,0.4502399999999999,-0.0013359298183859983,-0.13359298183859986,0.008362357863480526,0.8362357863480526,-0.0038599578634805265,-0.3859957863480527
54.686087,10.006539,0.142,Zostera marina,Maasholm_19.08.20_c2/s3_NA_2020_8_19_54.686087_10.006539_1.2,16.2543998,0.00133196,0.005838329818385998,0.00504286458349683,0.6275728750893558,FALSE,TRUE,1,7.6923076923076925,FALSE,TRUE,0.5838329818385998,0.00133196,0.133196,-0.0045063698183859975,-0.4506369818385998,0.008362357863480526,0.8362357863480526,-0.007030397863480526,-0.7030397863480526
54.686087,10.006539,0.835,Zostera marina,Maasholm_19.08.20_c3/s1_NA_2020_8_19_54.686087_10.006539_1.2,3.179415,0.007832299999999999,0.005838329818385998,0.00504286458349683,0.6275728750893558,FALSE,TRUE,1,7.6923076923076925,FALSE,TRUE,0.5838329818385998,0.007832299999999999,0.7832299999999999,0.001993970181614001,0.1993970181614001,0.008362357863480526,0.8362357863480526,-5.300578634805271e-4,-0.05300578634805275
54.686087,10.006539,2.771,Zostera marina,Maasholm_19.08.20_c3/s3_NA_2020_8_19_54.686087_10.006539_1.2,15.87287,0.02599198,0.005838329818385998,0.00504286458349683,0.6275728750893558,FALSE,TRUE,1,7.6923076923076925,FALSE,TRUE,0.5838329818385998,0.02599198,2.5991980000000003,0.020153650181614004,2.0153650181614005,0.008362357863480526,0.8362357863480526,0.017629622136519474,1.7629622136519476
54.686087,10.006539,0.266,Zostera marina,Maasholm_19.08.20_c8/s1_NA_2020_8_19_54.686087_10.006539_1.3,3.179415,0.00249508,0.005838329818385998,0.00504286458349683,0.6275728750893558,FALSE,TRUE,1,7.6923076923076925,FALSE,TRUE,0.5838329818385998,0.00249508,0.24950800000000004,-0.0033432498183859974,-0.3343249818385997,0.008362357863480526,0.8362357863480526,-0.0058672778634805255,-0.5867277863480526
54.686087,10.006539,3.6955,Zostera marina,Maasholm_19.08.20_c8/s3_NA_2020_8_19_54.686087_10.006539_1.3,14.9190455,0.03466379,0.005838329818385998,0.00504286458349683,0.6275728750893558,FALSE,TRUE,1,7.6923076923076925,FALSE,TRUE,0.5838329818385998,0.03466379,3.466379,0.028825460181614002,2.8825460181614,0.008362357863480526,0.8362357863480526,0.026301432136519476,2.630143213651947
54.686087,10.006539,0.6045,Zostera marina,Maasholm_19.08.20_c9/s1_NA_2020_8_19_54.686087_10.006539_1.3,3.179415,0.005670209999999999,0.005838329818385998,0.00504286458349683,0.6275728750893558,FALSE,TRUE,1,7.6923076923076925,FALSE,TRUE,0.5838329818385998,0.005670209999999999,0.5670209999999999,-1.6811981838599829e-4,-0.016811981838599888,0.008362357863480526,0.8362357863480526,-0.0026921478634805264,-0.26921478634805274
54.686087,10.006539,0.9285000000000001,Zostera marina,Maasholm_19.08.20_c10/s1_NA_2020_8_19_54.686087_10.006539_1.2,3.179415,0.008709330000000001,0.005838329818385998,0.00504286458349683,0.6275728750893558,FALSE,TRUE,1,7.6923076923076925,FALSE,TRUE,0.5838329818385998,0.008709330000000001,0.8709330000000002,0.0028710001816140036,0.2871000181614004,0.008362357863480526,0.8362357863480526,3.469721365194755e-4,0.034697213651947556
54.686087,10.006539,10.1,Zostera marina,Maasholm_19.08.20_c10/s3_NA_2020_8_19_54.686087_10.006539_1.2,15.87287,0.09473800000000002,0.005838329818385998,0.00504286458349683,0.6275728750893558,FALSE,TRUE,1,7.6923076923076925,FALSE,TRUE,0.5838329818385998,0.09473800000000002,9.473800000000002,0.08889967018161402,8.889967018161403,0.008362357863480526,0.8362357863480526,0.08637564213651949,8.63756421365195
54.463045,9.929015,0.3575,Zostera marina,Aschau_23.08.20_c1/s1_NA_2020_8_23_54.463045_9.929015_3.7,3.179415,0.00335335,0.006036624122367326,0.005197532207049918,0.47037222655956445,TRUE,TRUE,1,7.6923076923076925,FALSE,TRUE,0.6036624122367327,0.00335335,0.33533500000000005,-0.002683274122367326,-0.2683274122367326,0.008362357863480526,0.8362357863480526,-0.005009007863480526,-0.5009007863480526
54.463045,9.929015,0.1455,Zostera marina,Aschau_23.08.20_c1/s3_NA_2020_8_23_54.463045_9.929015_3.7,15.87287,0.00136479,0.006036624122367326,0.005197532207049918,0.47037222655956445,TRUE,TRUE,1,7.6923076923076925,FALSE,TRUE,0.6036624122367327,0.00136479,0.136479,-0.004671834122367326,-0.46718341223673265,0.008362357863480526,0.8362357863480526,-0.0069975678634805255,-0.6997567863480526
54.463045,9.929015,0.294,Zostera marina,Aschau_23.08.20_c2/s1_NA_2020_8_23_54.463045_9.929015_3.1,3.179415,0.00275772,0.006036624122367326,0.005197532207049918,0.47037222655956445,TRUE,TRUE,1,7.6923076923076925,FALSE,TRUE,0.6036624122367327,0.00275772,0.275772,-0.0032789041223673264,-0.32789041223673265,0.008362357863480526,0.8362357863480526,-0.005604637863480526,-0.5604637863480526
54.463045,9.929015,0.1895,Zostera marina,Aschau_23.08.20_c2/s3_NA_2020_8_23_54.463045_9.929015_3.1,15.87287,0.00177751,0.006036624122367326,0.005197532207049918,0.47037222655956445,TRUE,TRUE,1,7.6923076923076925,FALSE,TRUE,0.6036624122367327,0.00177751,0.177751,-0.004259114122367326,-0.4259114122367327,0.008362357863480526,0.8362357863480526,-0.006584847863480526,-0.6584847863480526
54.463045,9.929015,0.148,Zostera marina,Aschau_23.08.20_c2/s4_NA_2020_8_23_54.463045_9.929015_3.1,22.2195975,0.00138824,0.006036624122367326,0.005197532207049918,0.47037222655956445,TRUE,TRUE,1,7.6923076923076925,FALSE,TRUE,0.6036624122367327,0.00138824,0.138824,-0.0046483841223673265,-0.46483841223673267,0.008362357863480526,0.8362357863480526,-0.006974117863480526,-0.6974117863480527
54.463045,9.929015,0.3035,Zostera marina,Aschau_23.08.20_c3/s1_NA_2020_8_23_54.463045_9.929015_3.1,3.179415,0.00284683,0.006036624122367326,0.005197532207049918,0.47037222655956445,TRUE,TRUE,1,7.6923076923076925,FALSE,TRUE,0.6036624122367327,0.00284683,0.28468299999999996,-0.0031897941223673265,-0.3189794122367327,0.008362357863480526,0.8362357863480526,-0.005515527863480526,-0.5515527863480527
54.463045,9.929015,0.249,Zostera marina,Aschau_23.08.20_c3/s3_NA_2020_8_23_54.463045_9.929015_3.1,15.6185168,0.00233562,0.006036624122367326,0.005197532207049918,0.47037222655956445,TRUE,TRUE,1,7.6923076923076925,FALSE,TRUE,0.6036624122367327,0.00233562,0.23356200000000002,-0.0037010041223673263,-0.3701004122367326,0.008362357863480526,0.8362357863480526,-0.006026737863480526,-0.6026737863480526
54.463045,9.929015,0.156,Zostera marina,Aschau_23.08.20_c4/s1_NA_2020_8_23_54.463045_9.929015_2.1,3.179415,0.00146328,0.006036624122367326,0.005197532207049918,0.47037222655956445,TRUE,TRUE,1,7.6923076923076925,FALSE,TRUE,0.6036624122367327,0.00146328,0.14632799999999999,-0.004573344122367326,-0.45733441223673266,0.008362357863480526,0.8362357863480526,-0.006899077863480526,-0.6899077863480526
54.463045,9.929015,0.056,Zostera marina,Aschau_23.08.20_c4/s3_NA_2020_8_23_54.463045_9.929015_2.1,15.87287,5.2528e-4,0.006036624122367326,0.005197532207049918,0.47037222655956445,TRUE,TRUE,1,7.6923076923076925,FALSE,TRUE,0.6036624122367327,5.2528e-4,0.05252800000000001,-0.005511344122367326,-0.5511344122367327,0.008362357863480526,0.8362357863480526,-0.007837077863480526,-0.7837077863480526
54.463045,9.929015,0.051,Zostera marina,Aschau_23.08.20_c4/s4_NA_2020_8_23_54.463045_9.929015_2.1,22.9826571,4.7838e-4,0.006036624122367326,0.005197532207049918,0.47037222655956445,TRUE,TRUE,1,7.6923076923076925,FALSE,TRUE,0.6036624122367327,4.7838e-4,0.047838,-0.005558244122367327,-0.5558244122367326,0.008362357863480526,0.8362357863480526,-0.007883977863480525,-0.7883977863480526
54.463045,9.929015,0.0985,Zostera marina,Aschau_23.08.20_c5/s1_NA_2020_8_23_54.463045_9.929015_2,3.179415,9.239299999999999e-4,0.006036624122367326,0.005197532207049918,0.47037222655956445,TRUE,TRUE,1,7.6923076923076925,FALSE,TRUE,0.6036624122367327,9.239299999999999e-4,0.092393,-0.0051126941223673264,-0.5112694122367327,0.008362357863480526,0.8362357863480526,-0.007438427863480526,-0.7438427863480526
54.463045,9.929015,0.038,Zostera marina,Aschau_23.08.20_c5/s4_NA_2020_8_23_54.463045_9.929015_2,22.2195975,3.5644e-4,0.006036624122367326,0.005197532207049918,0.47037222655956445,TRUE,TRUE,1,7.6923076923076925,FALSE,TRUE,0.6036624122367327,3.5644e-4,0.035644,-0.005680184122367326,-0.5680184122367327,0.008362357863480526,0.8362357863480526,-0.008005917863480526,-0.8005917863480526
54.463045,9.929015,0.112,Zostera marina,Aschau_23.08.20_c7/s1_NA_2020_8_23_54.463045_9.929015_2,3.179415,0.00105056,0.006036624122367326,0.005197532207049918,0.47037222655956445,TRUE,TRUE,1,7.6923076923076925,FALSE,TRUE,0.6036624122367327,0.00105056,0.10505600000000002,-0.0049860641223673265,-0.49860641223673263,0.008362357863480526,0.8362357863480526,-0.007311797863480526,-0.7311797863480526
54.463045,9.929015,0.064,Zostera marina,Aschau_23.08.20_c7/s3_NA_2020_8_23_54.463045_9.929015_2,15.87287,6.0032e-4,0.006036624122367326,0.005197532207049918,0.47037222655956445,TRUE,TRUE,1,7.6923076923076925,FALSE,TRUE,0.6036624122367327,6.0032e-4,0.060032,-0.005436304122367327,-0.5436304122367327,0.008362357863480526,0.8362357863480526,-0.007762037863480526,-0.7762037863480526
54.463045,9.929015,0.0455,Zostera marina,Aschau_23.08.20_c8/s1_NA_2020_8_23_54.463045_9.929015_0.8,3.179415,4.2679e-4,0.006036624122367326,0.005197532207049918,0.47037222655956445,TRUE,TRUE,1,7.6923076923076925,FALSE,TRUE,0.6036624122367327,4.2679e-4,0.042679,-0.0056098341223673265,-0.5609834122367326,0.008362357863480526,0.8362357863480526,-0.007935567863480526,-0.7935567863480526
54.463045,9.929015,0.0345,Zostera marina,Aschau_23.08.20_c8/s4_NA_2020_8_23_54.463045_9.929015_0.8,22.2195975,3.2361e-4,0.006036624122367326,0.005197532207049918,0.47037222655956445,TRUE,TRUE,1,7.6923076923076925,FALSE,TRUE,0.6036624122367327,3.2361e-4,0.032361,-0.005713014122367326,-0.5713014122367327,0.008362357863480526,0.8362357863480526,-0.008038747863480526,-0.8038747863480527
54.346027,10.154903,0.501,Zostera marina,Seebar_27.08.20_c2/s1_NA_2020_8_27_54.346027_10.154903_2.4,3.179415,0.00469938,0.006024627679961219,0.0051484442447962036,0.4421142195637095,TRUE,FALSE,0,0,FALSE,TRUE,0.6024627679961219,0.00469938,0.4699380000000001,-0.0013252476799612183,-0.13252476799612178,0.008362357863480526,0.8362357863480526,-0.0036629778634805253,-0.36629778634805255
54.346027,10.154903,0.4935,Zostera marina,Seebar_27.08.20_c2/s4_NA_2020_8_27_54.346027_10.154903_2.4,22.63292145,0.00462903,0.006024627679961219,0.0051484442447962036,0.4421142195637095,TRUE,FALSE,0,0,FALSE,TRUE,0.6024627679961219,0.00462903,0.46290300000000006,-0.0013955976799612186,-0.1395597679961218,0.008362357863480526,0.8362357863480526,-0.0037333278634805256,-0.37333278634805256
54.346027,10.154903,0.4305,Zostera marina,Seebar_27.08.20_c2/s5_NA_2020_8_27_54.346027_10.154903_2.4,26.9766175,0.004038089999999999,0.006024627679961219,0.0051484442447962036,0.4421142195637095,TRUE,FALSE,0,0,FALSE,TRUE,0.6024627679961219,0.004038089999999999,0.403809,-0.0019865376799612193,-0.1986537679961219,0.008362357863480526,0.8362357863480526,-0.004324267863480526,-0.43242678634805265
54.346027,10.154903,0.4695,Zostera marina,Seebar_27.08.20_c3/s1_NA_2020_8_27_54.346027_10.154903_2.3,3.179415,0.00440391,0.006024627679961219,0.0051484442447962036,0.4421142195637095,TRUE,FALSE,0,0,FALSE,TRUE,0.6024627679961219,0.00440391,0.440391,-0.001620717679961219,-0.16207176799612188,0.008362357863480526,0.8362357863480526,-0.003958447863480526,-0.39584478634805265
54.346027,10.154903,0.477,Zostera marina,Seebar_27.08.20_c3/s4_NA_2020_8_27_54.346027_10.154903_2.3,22.2195975,0.00447426,0.006024627679961219,0.0051484442447962036,0.4421142195637095,TRUE,FALSE,0,0,FALSE,TRUE,0.6024627679961219,0.00447426,0.44742600000000005,-0.0015503676799612188,-0.15503676799612182,0.008362357863480526,0.8362357863480526,-0.003888097863480526,-0.3888097863480526
54.346027,10.154903,0.979,Zostera marina,Seebar_27.08.20_c4/s1_NA_2020_8_27_54.346027_10.154903_3.9,3.179415,0.00918302,0.006024627679961219,0.0051484442447962036,0.4421142195637095,TRUE,FALSE,0,0,FALSE,TRUE,0.6024627679961219,0.00918302,0.9183020000000002,0.0031583923200387814,0.3158392320038783,0.008362357863480526,0.8362357863480526,8.206621365194743e-4,0.08206621365194755
54.346027,10.154903,0.348,Zostera marina,Seebar_27.08.20_c4/s4_NA_2020_8_27_54.346027_10.154903_3.9,21.5837145,0.003264239999999999,0.006024627679961219,0.0051484442447962036,0.4421142195637095,TRUE,FALSE,0,0,FALSE,TRUE,0.6024627679961219,0.003264239999999999,0.32642399999999994,-0.0027603876799612197,-0.2760387679961219,0.008362357863480526,0.8362357863480526,-0.005098117863480527,-0.5098117863480527
54.346027,10.154903,0.271,Zostera marina,Seebar_27.08.20_c10/s1_NA_2020_8_27_54.346027_10.154903_2.3,3.179415,0.00254198,0.006024627679961219,0.0051484442447962036,0.4421142195637095,TRUE,FALSE,0,0,FALSE,TRUE,0.6024627679961219,0.00254198,0.25419800000000004,-0.0034826476799612186,-0.3482647679961218,0.008362357863480526,0.8362357863480526,-0.005820377863480526,-0.5820377863480526
54.346027,10.154903,0.17,Zostera marina,Seebar_27.08.20_c10/s3_NA_2020_8_27_54.346027_10.154903_2.3,15.87287,0.0015946,0.006024627679961219,0.0051484442447962036,0.4421142195637095,TRUE,FALSE,0,0,FALSE,TRUE,0.6024627679961219,0.0015946,0.15946000000000002,-0.004430027679961219,-0.4430027679961218,0.008362357863480526,0.8362357863480526,-0.006767757863480526,-0.6767757863480526
54.346027,10.154903,0.2525,Zostera marina,Seebar_27.08.20_c11/s1_NA_2020_8_27_54.346027_10.154903_2.1,3.179415,0.00236845,0.006024627679961219,0.0051484442447962036,0.4421142195637095,TRUE,FALSE,0,0,FALSE,TRUE,0.6024627679961219,0.00236845,0.23684499999999997,-0.003656177679961219,-0.3656177679961219,0.008362357863480526,0.8362357863480526,-0.005993907863480526,-0.5993907863480527
54.346027,10.154903,0.147,Zostera marina,Seebar_27.08.20_c11/s3_NA_2020_8_27_54.346027_10.154903_2.1,15.87287,0.00137886,0.006024627679961219,0.0051484442447962036,0.4421142195637095,TRUE,FALSE,0,0,FALSE,TRUE,0.6024627679961219,0.00137886,0.137886,-0.004645767679961219,-0.46457676799612185,0.008362357863480526,0.8362357863480526,-0.006983497863480526,-0.6983497863480526
54.346027,10.154903,0.1635,Zostera marina,Seebar_27.08.20_c11/s4_NA_2020_8_27_54.346027_10.154903_2.1,22.2195975,0.00153363,0.006024627679961219,0.0051484442447962036,0.4421142195637095,TRUE,FALSE,0,0,FALSE,TRUE,0.6024627679961219,0.00153363,0.15336300000000003,-0.0044909976799612185,-0.44909976799612183,0.008362357863480526,0.8362357863480526,-0.0068287278634805255,-0.6828727863480526
54.528839,11.116923,0.0585,Zostera marina,Teichhof_29.08.20_c1/s1_NA_2020_8_29_54.528839_11.116923_2.5,3.179415,5.4873e-4,0.00577372045306378,0.004988651506108514,0.47222983151736725,TRUE,FALSE,0,0,FALSE,TRUE,0.577372045306378,5.4873e-4,0.054873,-0.00522499045306378,-0.522499045306378,0.008362357863480526,0.8362357863480526,-0.007813627863480525,-0.7813627863480527
54.528839,11.116923,0.0595,Zostera marina,Teichhof_29.08.20_c1/s3_NA_2020_8_29_54.528839_11.116923_2.5,15.87287,5.581099999999999e-4,0.00577372045306378,0.004988651506108514,0.47222983151736725,TRUE,FALSE,0,0,FALSE,TRUE,0.577372045306378,5.581099999999999e-4,0.05581099999999999,-0.00521561045306378,-0.521561045306378,0.008362357863480526,0.8362357863480526,-0.007804247863480526,-0.7804247863480527
54.528839,11.116923,0.3845,Zostera marina,Teichhof_29.08.20_c1/s4_NA_2020_8_29_54.528839_11.116923_2.5,21.901656,0.00360661,0.00577372045306378,0.004988651506108514,0.47222983151736725,TRUE,FALSE,0,0,FALSE,TRUE,0.577372045306378,0.00360661,0.36066100000000006,-0.0021671104530637795,-0.21671104530637791,0.008362357863480526,0.8362357863480526,-0.004755747863480526,-0.47557478634805256
54.528839,11.116923,0.127,Zostera marina,Teichhof_29.08.20_c2/s1_NA_2020_8_29_54.528839_11.116923_2.5,3.815298,0.00119126,0.00577372045306378,0.004988651506108514,0.47222983151736725,TRUE,FALSE,0,0,FALSE,TRUE,0.577372045306378,0.00119126,0.11912600000000001,-0.004582460453063779,-0.45824604530637797,0.008362357863480526,0.8362357863480526,-0.007171097863480526,-0.7171097863480527
54.528839,11.116923,0.061,Zostera marina,Teichhof_29.08.20_c2/s2_NA_2020_8_29_54.528839_11.116923_2.5,9.74628105,5.721799999999999e-4,0.00577372045306378,0.004988651506108514,0.47222983151736725,TRUE,FALSE,0,0,FALSE,TRUE,0.577372045306378,5.721799999999999e-4,0.05721799999999999,-0.005201540453063779,-0.520154045306378,0.008362357863480526,0.8362357863480526,-0.0077901778634805255,-0.7790177863480526
54.528839,11.116923,0.118,Zostera marina,Teichhof_29.08.20_c4/s1_NA_2020_8_29_54.528839_11.116923_2.2,3.179415,0.00110684,0.00577372045306378,0.004988651506108514,0.47222983151736725,TRUE,FALSE,0,0,FALSE,TRUE,0.577372045306378,0.00110684,0.110684,-0.004666880453063779,-0.466688045306378,0.008362357863480526,0.8362357863480526,-0.007255517863480526,-0.7255517863480526
54.528839,11.116923,0.1,Zostera marina,Teichhof_29.08.20_c4/s3_NA_2020_8_29_54.528839_11.116923_2.2,14.76007475,9.379999999999999e-4,0.00577372045306378,0.004988651506108514,0.47222983151736725,TRUE,FALSE,0,0,FALSE,TRUE,0.577372045306378,9.379999999999999e-4,0.0938,-0.00483572045306378,-0.483572045306378,0.008362357863480526,0.8362357863480526,-0.007424357863480526,-0.7424357863480526
54.528839,11.116923,0.132,Zostera marina,Teichhof_29.08.20_c5/s1_NA_2020_8_29_54.528839_11.116923_2,3.179415,0.00123816,0.00577372045306378,0.004988651506108514,0.47222983151736725,TRUE,FALSE,0,0,FALSE,TRUE,0.577372045306378,0.00123816,0.12381600000000002,-0.004535560453063779,-0.45355604530637794,0.008362357863480526,0.8362357863480526,-0.0071241978634805254,-0.7124197863480526
54.528839,11.116923,0.1185,Zostera marina,Teichhof_29.08.20_c5/s3_NA_2020_8_29_54.528839_11.116923_2,15.87287,0.00111153,0.00577372045306378,0.004988651506108514,0.47222983151736725,TRUE,FALSE,0,0,FALSE,TRUE,0.577372045306378,0.00111153,0.111153,-0.004662190453063779,-0.466219045306378,0.008362357863480526,0.8362357863480526,-0.007250827863480526,-0.7250827863480527
54.528839,11.116923,0.0905,Zostera marina,Teichhof_29.08.20_c7/s1_NA_2020_8_29_54.528839_11.116923_2.2,3.179415,8.488899999999999e-4,0.00577372045306378,0.004988651506108514,0.47222983151736725,TRUE,FALSE,0,0,FALSE,TRUE,0.577372045306378,8.488899999999999e-4,0.08488899999999999,-0.00492483045306378,-0.492483045306378,0.008362357863480526,0.8362357863480526,-0.007513467863480526,-0.7513467863480526
54.528839,11.116923,0.2688,Zostera marina,Teichhof_29.08.20_c7/s4_NA_2020_8_29_54.528839_11.116923_2.2,22.2195975,0.002521344,0.00577372045306378,0.004988651506108514,0.47222983151736725,TRUE,FALSE,0,0,FALSE,TRUE,0.577372045306378,0.002521344,0.25213440000000004,-0.0032523764530637796,-0.32523764530637794,0.008362357863480526,0.8362357863480526,-0.005841013863480526,-0.5841013863480526
54.528839,11.116923,0.0675,Zostera marina,Teichhof_29.08.20_c8/s1_NA_2020_8_29_54.528839_11.116923_2,3.179415,6.3315e-4,0.00577372045306378,0.004988651506108514,0.47222983151736725,TRUE,FALSE,0,0,FALSE,TRUE,0.577372045306378,6.3315e-4,0.063315,-0.00514057045306378,-0.514057045306378,0.008362357863480526,0.8362357863480526,-0.007729207863480526,-0.7729207863480526
54.528839,11.116923,0.1565,Zostera marina,Teichhof_29.08.20_c8/s3_NA_2020_8_29_54.528839_11.116923_2,14.47513765,0.00146797,0.00577372045306378,0.004988651506108514,0.47222983151736725,TRUE,FALSE,0,0,FALSE,TRUE,0.577372045306378,0.00146797,0.146797,-0.00430575045306378,-0.43057504530637797,0.008362357863480526,0.8362357863480526,-0.006894387863480526,-0.6894387863480527
54.528839,11.116923,0.366,Zostera marina,Teichhof_29.08.20_c10/s1_NA_2020_8_29_54.528839_11.116923_1.9,3.179415,0.00343308,0.00577372045306378,0.004988651506108514,0.47222983151736725,TRUE,FALSE,0,0,FALSE,TRUE,0.577372045306378,0.00343308,0.343308,-0.00234064045306378,-0.23406404530637798,0.008362357863480526,0.8362357863480526,-0.004929277863480526,-0.4929277863480526
54.528839,11.116923,0.042,Zostera marina,Teichhof_29.08.20_c10/s3_NA_2020_8_29_54.528839_11.116923_1.9,14.7282806,3.939599999999999e-4,0.00577372045306378,0.004988651506108514,0.47222983151736725,TRUE,FALSE,0,0,FALSE,TRUE,0.577372045306378,3.939599999999999e-4,0.039395999999999994,-0.00537976045306378,-0.537976045306378,0.008362357863480526,0.8362357863480526,-0.007968397863480525,-0.7968397863480526
54.436811,10.323064,0.0745,Zostera marina,Heidkate_30.08.20_c2/s1_NA_2020_8_30_54.436811_10.323064_1.5,3.179415,6.9881e-4,0.005829429145093285,0.005031970590742377,0.6751590601313412,FALSE,FALSE,0,0,FALSE,FALSE,0.5829429145093286,6.9881e-4,0.06988100000000001,-0.005130619145093285,-0.5130619145093286,0.008362357863480526,0.8362357863480526,-0.0076635478634805255,-0.7663547863480527
54.436811,10.323064,0.0465,Zostera marina,Heidkate_30.08.20_c2/s4_NA_2020_8_30_54.436811_10.323064_1.5,22.37856825,4.361699999999999e-4,0.005829429145093285,0.005031970590742377,0.6751590601313412,FALSE,FALSE,0,0,FALSE,FALSE,0.5829429145093286,4.361699999999999e-4,0.04361699999999999,-0.0053932591450932856,-0.5393259145093285,0.008362357863480526,0.8362357863480526,-0.007926187863480526,-0.7926187863480526
54.436811,10.323064,0.0425,Zostera marina,Heidkate_30.08.20_c4/s1_NA_2020_8_30_54.436811_10.323064_1.5,3.179415,3.9865e-4,0.005829429145093285,0.005031970590742377,0.6751590601313412,FALSE,FALSE,0,0,FALSE,FALSE,0.5829429145093286,3.9865e-4,0.039865000000000005,-0.005430779145093285,-0.5430779145093285,0.008362357863480526,0.8362357863480526,-0.007963707863480525,-0.7963707863480526
54.436811,10.323064,0.038,Zostera marina,Heidkate_30.08.20_c4/s4_NA_2020_8_30_54.436811_10.323064_1.5,22.4739507,3.5644e-4,0.005829429145093285,0.005031970590742377,0.6751590601313412,FALSE,FALSE,0,0,FALSE,FALSE,0.5829429145093286,3.5644e-4,0.035644,-0.005472989145093285,-0.5472989145093285,0.008362357863480526,0.8362357863480526,-0.008005917863480526,-0.8005917863480526
54.436811,10.323064,0.07,Zostera marina,Heidkate_30.08.20_c5/s1_NA_2020_8_30_54.436811_10.323064_1.5,3.179415,6.566e-4,0.005829429145093285,0.005031970590742377,0.6751590601313412,FALSE,FALSE,0,0,FALSE,FALSE,0.5829429145093286,6.566e-4,0.06566000000000001,-0.005172829145093285,-0.5172829145093285,0.008362357863480526,0.8362357863480526,-0.0077057578634805255,-0.7705757863480526
54.436811,10.323064,0.065,Zostera marina,Heidkate_30.08.20_c5/s4_NA_2020_8_30_54.436811_10.323064_1.5,22.68379209,6.096999999999999e-4,0.005829429145093285,0.005031970590742377,0.6751590601313412,FALSE,FALSE,0,0,FALSE,FALSE,0.5829429145093286,6.096999999999999e-4,0.060969999999999996,-0.005219729145093286,-0.5219729145093286,0.008362357863480526,0.8362357863480526,-0.007752657863480526,-0.7752657863480527
54.436811,10.323064,0.098,Zostera marina,Heidkate_30.08.20_c11/s1_NA_2020_8_30_54.436811_10.323064_1.3,3.179415,9.192399999999999e-4,0.005829429145093285,0.005031970590742377,0.6751590601313412,FALSE,FALSE,0,0,FALSE,FALSE,0.5829429145093286,9.192399999999999e-4,0.09192399999999999,-0.004910189145093285,-0.49101891450932855,0.008362357863480526,0.8362357863480526,-0.007443117863480526,-0.7443117863480526
54.436811,10.323064,0.0905,Zostera marina,Heidkate_30.08.20_c11/s4_NA_2020_8_30_54.436811_10.323064_1.3,22.2195975,8.488899999999999e-4,0.005829429145093285,0.005031970590742377,0.6751590601313412,FALSE,FALSE,0,0,FALSE,FALSE,0.5829429145093286,8.488899999999999e-4,0.08488899999999999,-0.0049805391450932854,-0.49805391450932857,0.008362357863480526,0.8362357863480526,-0.007513467863480526,-0.7513467863480526
54.436811,10.323064,0.0945,Zostera marina,Heidkate_30.08.20_c12/s1_NA_2020_8_30_54.436811_10.323064_1.3,3.179415,8.864099999999999e-4,0.005829429145093285,0.005031970590742377,0.6751590601313412,FALSE,FALSE,0,0,FALSE,FALSE,0.5829429145093286,8.864099999999999e-4,0.088641,-0.004943019145093285,-0.4943019145093286,0.008362357863480526,0.8362357863480526,-0.007475947863480526,-0.7475947863480527
54.436811,10.323064,0.07100000000000001,Zostera marina,Heidkate_30.08.20_c12/s4_NA_2020_8_30_54.436811_10.323064_1.3,21.0114198,6.6598e-4,0.005829429145093285,0.005031970590742377,0.6751590601313412,FALSE,FALSE,0,0,FALSE,FALSE,0.5829429145093286,6.6598e-4,0.066598,-0.005163449145093285,-0.5163449145093285,0.008362357863480526,0.8362357863480526,-0.007696377863480526,-0.7696377863480526
54.071436,10.786538,0.86,Zostera marina,Sierksdorf_05.09.20_c1/s1_NA_2020_9_5_54.071436_10.786538_3.2,3.179415,0.008066799999999999,0.005975338738903306,0.005135106206086518,0.5595996835663655,FALSE,FALSE,0,0,FALSE,FALSE,0.5975338738903305,0.008066799999999999,0.80668,0.002091461261096693,0.20914612610966943,0.008362357863480526,0.8362357863480526,-2.955578634805268e-4,-0.02955578634805267
54.071436,10.786538,2.1595,Zostera marina,Sierksdorf_05.09.20_c1/s3_NA_2020_9_5_54.071436_10.786538_3.2,15.5549285,0.02025611,0.005975338738903306,0.005135106206086518,0.5595996835663655,FALSE,FALSE,0,0,FALSE,FALSE,0.5975338738903305,0.02025611,2.025611,0.014280771261096694,1.4280771261096694,0.008362357863480526,0.8362357863480526,0.011893752136519475,1.1893752136519473
54.071436,10.786538,1.8345,Zostera marina,Sierksdorf_05.09.20_c1/s4_NA_2020_9_5_54.071436_10.786538_3.2,20.31315875,0.01720761,0.005975338738903306,0.005135106206086518,0.5595996835663655,FALSE,FALSE,0,0,FALSE,FALSE,0.5975338738903305,0.01720761,1.7207610000000004,0.011232271261096695,1.1232271261096698,0.008362357863480526,0.8362357863480526,0.008845252136519476,0.8845252136519478
54.071436,10.786538,1.3775,Zostera marina,Sierksdorf_05.09.20_c2/s1_NA_2020_9_5_54.071436_10.786538_3.2,3.179415,0.01292095,0.005975338738903306,0.005135106206086518,0.5595996835663655,FALSE,FALSE,0,0,FALSE,FALSE,0.5975338738903305,0.01292095,1.2920950000000002,0.006945611261096695,0.6945611261096697,0.008362357863480526,0.8362357863480526,0.004558592136519475,0.4558592136519476
54.071436,10.786538,16.5595,Zostera marina,Sierksdorf_05.09.20_c2/s5_NA_2020_9_5_54.071436_10.786538_3.2,28.566325,0.15532811,0.005975338738903306,0.005135106206086518,0.5595996835663655,FALSE,FALSE,0,0,FALSE,FALSE,0.5975338738903305,0.15532811,15.532810999999999,0.1493527712610967,14.935277126109668,0.008362357863480526,0.8362357863480526,0.14696575213651947,14.696575213651947
54.071436,10.786538,7.968,Zostera marina,Sierksdorf_05.09.20_c4/s1_NA_2020_9_5_54.071436_10.786538_3.4,3.179415,0.07473984,0.005975338738903306,0.005135106206086518,0.5595996835663655,FALSE,FALSE,0,0,FALSE,FALSE,0.5975338738903305,0.07473984,7.473984000000001,0.06876450126109669,6.87645012610967,0.008362357863480526,0.8362357863480526,0.06637748213651948,6.637748213651948
54.071436,10.786538,0.24743,Zostera marina,Sierksdorf_05.09.20_c4/s3_NA_2020_9_5_54.071436_10.786538_3.4,15.87287,0.0023208934,0.005975338738903306,0.005135106206086518,0.5595996835663655,FALSE,FALSE,0,0,FALSE,FALSE,0.5975338738903305,0.0023208934,0.23208933999999998,-0.003654445338903306,-0.36544453389033055,0.008362357863480526,0.8362357863480526,-0.006041464463480526,-0.6041464463480526
54.071436,10.786538,0.215,Zostera marina,Sierksdorf_05.09.20_c5/s1_NA_2020_9_5_54.071436_10.786538_3.2,3.179415,0.0020167,0.005975338738903306,0.005135106206086518,0.5595996835663655,FALSE,FALSE,0,0,FALSE,FALSE,0.5975338738903305,0.0020167,0.20167000000000002,-0.003958638738903305,-0.3958638738903305,0.008362357863480526,0.8362357863480526,-0.006345657863480526,-0.6345657863480526
54.071436,10.786538,0.228535,Zostera marina,Sierksdorf_05.09.20_c5/s4_NA_2020_9_5_54.071436_10.786538_3.2,20.9478315,0.0021436583,0.005975338738903306,0.005135106206086518,0.5595996835663655,FALSE,FALSE,0,0,FALSE,FALSE,0.5975338738903305,0.0021436583,0.21436583000000003,-0.0038316804389033057,-0.3831680438903305,0.008362357863480526,0.8362357863480526,-0.0062186995634805255,-0.6218699563480525
54.071436,10.786538,0.3445,Zostera marina,Sierksdorf_05.09.20_c7/s1_NA_2020_9_5_54.071436_10.786538_3.3,3.179415,0.00323141,0.005975338738903306,0.005135106206086518,0.5595996835663655,FALSE,FALSE,0,0,FALSE,FALSE,0.5975338738903305,0.00323141,0.323141,-0.002743928738903306,-0.2743928738903305,0.008362357863480526,0.8362357863480526,-0.005130947863480525,-0.5130947863480526
54.071436,10.786538,0.240465,Zostera marina,Sierksdorf_05.09.20_c7/s4_NA_2020_9_5_54.071436_10.786538_3.3,21.5837145,0.0022555617,0.005975338738903306,0.005135106206086518,0.5595996835663655,FALSE,FALSE,0,0,FALSE,FALSE,0.5975338738903305,0.0022555617,0.22555617,-0.003719777038903306,-0.3719777038903305,0.008362357863480526,0.8362357863480526,-0.006106796163480525,-0.6106796163480526
54.071436,10.786538,0.067,Zostera marina,Sierksdorf_05.09.20_c8/s1_NA_2020_9_5_54.071436_10.786538_1,3.179415,6.2846e-4,0.005975338738903306,0.005135106206086518,0.5595996835663655,FALSE,FALSE,0,0,FALSE,FALSE,0.5975338738903305,6.2846e-4,0.062846,-0.005346878738903306,-0.5346878738903306,0.008362357863480526,0.8362357863480526,-0.007733897863480526,-0.7733897863480527
54.071436,10.786538,0.07350000000000001,Zostera marina,Sierksdorf_05.09.20_c8/s3_NA_2020_9_5_54.071436_10.786538_1,15.87287,6.8943e-4,0.005975338738903306,0.005135106206086518,0.5595996835663655,FALSE,FALSE,0,0,FALSE,FALSE,0.5975338738903305,6.8943e-4,0.068943,-0.0052859087389033055,-0.5285908738903305,0.008362357863480526,0.8362357863480526,-0.007672927863480526,-0.7672927863480526
54.071436,10.786538,0.086,Zostera marina,Sierksdorf_05.09.20_c8/s4_NA_2020_9_5_54.071436_10.786538_1,21.901656,8.066799999999999e-4,0.005975338738903306,0.005135106206086518,0.5595996835663655,FALSE,FALSE,0,0,FALSE,FALSE,0.5975338738903305,8.066799999999999e-4,0.080668,-0.005168658738903306,-0.5168658738903306,0.008362357863480526,0.8362357863480526,-0.007555677863480526,-0.7555677863480527
53.99514,10.813332,0.1385,Zostera marina,Niendorf_11.09.20_c1/s1_NA_2020_9_11_53.99514_10.813332_4.6,3.179415,0.00129913,0.005878363580203219,0.005070625597739109,0.48060491658525484,TRUE,FALSE,0,0,FALSE,TRUE,0.587836358020322,0.00129913,0.129913,-0.004579233580203219,-0.45792335802032197,0.008362357863480526,0.8362357863480526,-0.007063227863480526,-0.7063227863480526
53.99514,10.813332,0.1035,Zostera marina,Niendorf_11.09.20_c1/s4_NA_2020_9_11_53.99514_10.813332_4.6,22.7283039,9.7083e-4,0.005878363580203219,0.005070625597739109,0.48060491658525484,TRUE,FALSE,0,0,FALSE,TRUE,0.587836358020322,9.7083e-4,0.097083,-0.004907533580203219,-0.49075335802032194,0.008362357863480526,0.8362357863480526,-0.007391527863480526,-0.7391527863480526
53.99514,10.813332,0.1415,Zostera marina,Niendorf_11.09.20_c2/s1_NA_2020_9_11_53.99514_10.813332_4.6,3.179415,0.00132727,0.005878363580203219,0.005070625597739109,0.48060491658525484,TRUE,FALSE,0,0,FALSE,TRUE,0.587836358020322,0.00132727,0.132727,-0.004551093580203219,-0.45510935802032193,0.008362357863480526,0.8362357863480526,-0.0070350878634805256,-0.7035087863480526
53.99514,10.813332,0.091,Zostera marina,Niendorf_11.09.20_c2/s3_NA_2020_9_11_53.99514_10.813332_4.6,17.0810477,8.535799999999999e-4,0.005878363580203219,0.005070625597739109,0.48060491658525484,TRUE,FALSE,0,0,FALSE,TRUE,0.587836358020322,8.535799999999999e-4,0.08535799999999999,-0.005024783580203219,-0.502478358020322,0.008362357863480526,0.8362357863480526,-0.007508777863480526,-0.7508777863480527
53.99514,10.813332,0.1885,Zostera marina,Niendorf_11.09.20_c4/s1_NA_2020_9_11_53.99514_10.813332_4.4,3.179415,0.00176813,0.005878363580203219,0.005070625597739109,0.48060491658525484,TRUE,FALSE,0,0,FALSE,TRUE,0.587836358020322,0.00176813,0.176813,-0.004110233580203219,-0.41102335802032197,0.008362357863480526,0.8362357863480526,-0.006594227863480526,-0.6594227863480526
53.99514,10.813332,0.077,Zostera marina,Niendorf_11.09.20_c4/s4_NA_2020_9_11_53.99514_10.813332_4.4,23.3641869,7.2226e-4,0.005878363580203219,0.005070625597739109,0.48060491658525484,TRUE,FALSE,0,0,FALSE,TRUE,0.587836358020322,7.2226e-4,0.072226,-0.005156103580203219,-0.515610358020322,0.008362357863480526,0.8362357863480526,-0.007640097863480526,-0.7640097863480526
53.99514,10.813332,0.1525,Zostera marina,Niendorf_11.09.20_c5/s1_NA_2020_9_11_53.99514_10.813332_4,3.179415,0.00143045,0.005878363580203219,0.005070625597739109,0.48060491658525484,TRUE,FALSE,0,0,FALSE,TRUE,0.587836358020322,0.00143045,0.143045,-0.004447913580203219,-0.444791358020322,0.008362357863480526,0.8362357863480526,-0.006931907863480526,-0.6931907863480526
53.99514,10.813332,0.1715,Zostera marina,Niendorf_11.09.20_c5/s3_NA_2020_9_11_53.99514_10.813332_4,15.87287,0.00160867,0.005878363580203219,0.005070625597739109,0.48060491658525484,TRUE,FALSE,0,0,FALSE,TRUE,0.587836358020322,0.00160867,0.160867,-0.0042696935802032186,-0.426969358020322,0.008362357863480526,0.8362357863480526,-0.006753687863480526,-0.6753687863480526
53.99514,10.813332,0.1585,Zostera marina,Niendorf_11.09.20_c5/s4_NA_2020_9_11_53.99514_10.813332_4,22.2195975,0.00148673,0.005878363580203219,0.005070625597739109,0.48060491658525484,TRUE,FALSE,0,0,FALSE,TRUE,0.587836358020322,0.00148673,0.148673,-0.0043916335802032195,-0.43916335802032197,0.008362357863480526,0.8362357863480526,-0.006875627863480525,-0.6875627863480527
53.99514,10.813332,0.125,Zostera marina,Niendorf_11.09.20_c7/s1_NA_2020_9_11_53.99514_10.813332_3.8,3.179415,0.0011725,0.005878363580203219,0.005070625597739109,0.48060491658525484,TRUE,FALSE,0,0,FALSE,TRUE,0.587836358020322,0.0011725,0.11725,-0.004705863580203219,-0.470586358020322,0.008362357863480526,0.8362357863480526,-0.007189857863480526,-0.7189857863480527
53.99514,10.813332,0.1375,Zostera marina,Niendorf_11.09.20_c7/s3_NA_2020_9_11_53.99514_10.813332_3.8,15.87287,0.00128975,0.005878363580203219,0.005070625597739109,0.48060491658525484,TRUE,FALSE,0,0,FALSE,TRUE,0.587836358020322,0.00128975,0.12897500000000003,-0.004588613580203219,-0.4588613580203219,0.008362357863480526,0.8362357863480526,-0.007072607863480526,-0.7072607863480526
53.99514,10.813332,0.1465,Zostera marina,Niendorf_11.09.20_c8/s1_NA_2020_9_11_53.99514_10.813332_3.7,3.179415,0.00137417,0.005878363580203219,0.005070625597739109,0.48060491658525484,TRUE,FALSE,0,0,FALSE,TRUE,0.587836358020322,0.00137417,0.137417,-0.004504193580203219,-0.45041935802032196,0.008362357863480526,0.8362357863480526,-0.006988187863480526,-0.6988187863480526
53.99514,10.813332,0.1575,Zostera marina,Niendorf_11.09.20_c8/s3_NA_2020_9_11_53.99514_10.813332_3.7,15.87287,0.00147735,0.005878363580203219,0.005070625597739109,0.48060491658525484,TRUE,FALSE,0,0,FALSE,TRUE,0.587836358020322,0.00147735,0.14773500000000003,-0.004401013580203219,-0.4401013580203219,0.008362357863480526,0.8362357863480526,-0.006885007863480525,-0.6885007863480526
53.99514,10.813332,0.088,Zostera marina,Niendorf_11.09.20_c10/s1_NA_2020_9_11_53.99514_10.813332_3,3.179415,8.254399999999999e-4,0.005878363580203219,0.005070625597739109,0.48060491658525484,TRUE,FALSE,0,0,FALSE,TRUE,0.587836358020322,8.254399999999999e-4,0.08254399999999999,-0.005052923580203219,-0.505292358020322,0.008362357863480526,0.8362357863480526,-0.0075369178634805255,-0.7536917863480527
53.99514,10.813332,0.0535,Zostera marina,Niendorf_11.09.20_c10/s3_NA_2020_9_11_53.99514_10.813332_3,15.87287,5.0183e-4,0.005878363580203219,0.005070625597739109,0.48060491658525484,TRUE,FALSE,0,0,FALSE,TRUE,0.587836358020322,5.0183e-4,0.050183000000000005,-0.005376533580203219,-0.537653358020322,0.008362357863480526,0.8362357863480526,-0.007860527863480526,-0.7860527863480526
53.99514,10.813332,0.067,Zostera marina,Niendorf_11.09.20_c11/s1_NA_2020_9_11_53.99514_10.813332_2.5,3.179415,6.2846e-4,0.005878363580203219,0.005070625597739109,0.48060491658525484,TRUE,FALSE,0,0,FALSE,TRUE,0.587836358020322,6.2846e-4,0.062846,-0.005249903580203219,-0.524990358020322,0.008362357863480526,0.8362357863480526,-0.007733897863480526,-0.7733897863480527
54.839827,9.519709,0.09,Zostera marina,Glucksburg_12.09.20_C2/s4_NA_2020_9_12_54.839827_9.519709_1.8,21.80627355,8.441999999999999e-4,0.005782127650744131,0.004995866076640609,0.25282403469222375,TRUE,TRUE,1,7.6923076923076925,FALSE,TRUE,0.5782127650744132,8.441999999999999e-4,0.08442,-0.004937927650744131,-0.4937927650744132,0.008362357863480526,0.8362357863480526,-0.007518157863480526,-0.7518157863480526
54.839827,9.519709,0.23,Zostera marina,Glucksburg_12.09.20_C4/s1_NA_2020_9_12_54.839827_9.519709_2.8,3.179415,0.0021574,0.005782127650744131,0.004995866076640609,0.25282403469222375,TRUE,TRUE,1,7.6923076923076925,FALSE,TRUE,0.5782127650744132,0.0021574,0.21574000000000002,-0.0036247276507441312,-0.3624727650744132,0.008362357863480526,0.8362357863480526,-0.0062049578634805255,-0.6204957863480526
54.839827,9.519709,0.0655,Zostera marina,Glucksburg_12.09.20_C4/s4_NA_2020_9_12_54.839827_9.519709_2.8,22.9826571,6.143899999999999e-4,0.005782127650744131,0.004995866076640609,0.25282403469222375,TRUE,TRUE,1,7.6923076923076925,FALSE,TRUE,0.5782127650744132,6.143899999999999e-4,0.061438999999999994,-0.005167737650744131,-0.5167737650744132,0.008362357863480526,0.8362357863480526,-0.0077479678634805255,-0.7747967863480526
54.839827,9.519709,0.1275,Zostera marina,Glucksburg_12.09.20_C5/s1_NA_2020_9_12_54.839827_9.519709_3,3.179415,0.00119595,0.005782127650744131,0.004995866076640609,0.25282403469222375,TRUE,TRUE,1,7.6923076923076925,FALSE,TRUE,0.5782127650744132,0.00119595,0.119595,-0.004586177650744131,-0.4586177650744132,0.008362357863480526,0.8362357863480526,-0.0071664078634805254,-0.7166407863480526
54.839827,9.519709,0.162,Zostera marina,Glucksburg_12.09.20_C5/s3_NA_2020_9_12_54.839827_9.519709_3,15.87287,0.00151956,0.005782127650744131,0.004995866076640609,0.25282403469222375,TRUE,TRUE,1,7.6923076923076925,FALSE,TRUE,0.5782127650744132,0.00151956,0.151956,-0.0042625676507441305,-0.42625676507441324,0.008362357863480526,0.8362357863480526,-0.006842797863480526,-0.6842797863480526
54.839827,9.519709,0.479,Zostera marina,Glucksburg_12.09.20_C5/s5_NA_2020_9_12_54.839827_9.519709_3,26.85113525,0.004493019999999999,0.005782127650744131,0.004995866076640609,0.25282403469222375,TRUE,TRUE,1,7.6923076923076925,FALSE,TRUE,0.5782127650744132,0.004493019999999999,0.44930199999999987,-0.0012891076507441325,-0.12891076507441335,0.008362357863480526,0.8362357863480526,-0.003869337863480527,-0.38693378634805276
54.839827,9.519709,0.0635,Zostera marina,Glucksburg_12.09.20_C11/s4_NA_2020_9_12_54.839827_9.519709_2,21.74268525,5.9563e-4,0.005782127650744131,0.004995866076640609,0.25282403469222375,TRUE,TRUE,1,7.6923076923076925,FALSE,TRUE,0.5782127650744132,5.9563e-4,0.059563000000000005,-0.005186497650744131,-0.5186497650744132,0.008362357863480526,0.8362357863480526,-0.007766727863480526,-0.7766727863480526
54.839827,9.519709,0.2405,Zostera marina,Glucksburg_12.09.20_C12/s1_NA_2020_9_12_54.839827_9.519709_1.8,3.179415,0.00225589,0.005782127650744131,0.004995866076640609,0.25282403469222375,TRUE,TRUE,1,7.6923076923076925,FALSE,TRUE,0.5782127650744132,0.00225589,0.225589,-0.003526237650744131,-0.3526237650744132,0.008362357863480526,0.8362357863480526,-0.006106467863480526,-0.6106467863480526
54.839827,9.519709,0.077,Zostera marina,Glucksburg_12.09.20_C12/s4_NA_2020_9_12_54.839827_9.519709_1.8,22.3467741,7.2226e-4,0.005782127650744131,0.004995866076640609,0.25282403469222375,TRUE,TRUE,1,7.6923076923076925,FALSE,TRUE,0.5782127650744132,7.2226e-4,0.072226,-0.005059867650744131,-0.5059867650744132,0.008362357863480526,0.8362357863480526,-0.007640097863480526,-0.7640097863480526
54.447245,11.046403,0.556,Zostera marina,Orth_15.09.20_C1/s1_NA_2020_9_15_54.447245_11.046403_1.1,3.179415,0.00521528,0.0057664383699904155,0.004982325147465882,0.6510879478510143,FALSE,FALSE,0,0,FALSE,FALSE,0.5766438369990415,0.00521528,0.521528,-5.511583699904154e-4,-0.055115836999041545,0.008362357863480526,0.8362357863480526,-0.0031470778634805257,-0.31470778634805263
54.447245,11.046403,0.5680000000000001,Zostera marina,Orth_15.09.20_C1/s3_NA_2020_9_15_54.447245_11.046403_1.1,15.87287,0.00532784,0.0057664383699904155,0.004982325147465882,0.6510879478510143,FALSE,FALSE,0,0,FALSE,FALSE,0.5766438369990415,0.00532784,0.532784,-4.3859836999041515e-4,-0.0438598369990415,0.008362357863480526,0.8362357863480526,-0.0030345178634805254,-0.3034517863480526
54.447245,11.046403,0.4545,Zostera marina,Orth_15.09.20_C2/s1_NA_2020_9_15_54.447245_11.046403_1.1,3.179415,0.00426321,0.0057664383699904155,0.004982325147465882,0.6510879478510143,FALSE,FALSE,0,0,FALSE,FALSE,0.5766438369990415,0.00426321,0.426321,-0.0015032283699904156,-0.15032283699904153,0.008362357863480526,0.8362357863480526,-0.004099147863480526,-0.4099147863480526
54.447245,11.046403,0.99,Zostera marina,Orth_15.09.20_C2/s4_NA_2020_9_15_54.447245_11.046403_1.1,22.2195975,0.009286199999999998,0.0057664383699904155,0.004982325147465882,0.6510879478510143,FALSE,FALSE,0,0,FALSE,FALSE,0.5766438369990415,0.009286199999999998,0.9286199999999998,0.0035197616300095824,0.35197616300095824,0.008362357863480526,0.8362357863480526,9.238421365194722e-4,0.09238421365194716
54.447245,11.046403,0.3885,Zostera marina,Orth_15.09.20_C4/s1_NA_2020_9_15_54.447245_11.046403_0.9,3.179415,0.00364413,0.0057664383699904155,0.004982325147465882,0.6510879478510143,FALSE,FALSE,0,0,FALSE,FALSE,0.5766438369990415,0.00364413,0.36441300000000004,-0.0021223083699904153,-0.2122308369990415,0.008362357863480526,0.8362357863480526,-0.004718227863480525,-0.4718227863480526
54.447245,11.046403,10.507,Zostera marina,Orth_15.09.20_C4/s4_NA_2020_9_15_54.447245_11.046403_0.9,23.0462454,0.09855565999999999,0.0057664383699904155,0.004982325147465882,0.6510879478510143,FALSE,FALSE,0,0,FALSE,FALSE,0.5766438369990415,0.09855565999999999,9.855566,0.09278922163000958,9.278922163000958,0.008362357863480526,0.8362357863480526,0.09019330213651947,9.019330213651948
54.447245,11.046403,0.2165,Zostera marina,Orth_15.09.20_C5/s1_NA_2020_9_15_54.447245_11.046403_1,3.179415,0.00203077,0.0057664383699904155,0.004982325147465882,0.6510879478510143,FALSE,FALSE,0,0,FALSE,FALSE,0.5766438369990415,0.00203077,0.203077,-0.0037356683699904156,-0.37356683699904153,0.008362357863480526,0.8362357863480526,-0.006331587863480526,-0.6331587863480526
54.447245,11.046403,0.203375,Zostera marina,Orth_15.09.20_C5/s4_NA_2020_9_15_54.447245_11.046403_1,22.2195975,0.0019076575,0.0057664383699904155,0.004982325147465882,0.6510879478510143,FALSE,FALSE,0,0,FALSE,FALSE,0.5766438369990415,0.0019076575,0.19076575,-0.0038587808699904157,-0.3858780869990415,0.008362357863480526,0.8362357863480526,-0.006454700363480526,-0.6454700363480526
54.447245,11.046403,0.1885,Zostera marina,Orth_15.09.20_C7/s1_NA_2020_9_15_54.447245_11.046403_1,3.179415,0.00176813,0.0057664383699904155,0.004982325147465882,0.6510879478510143,FALSE,FALSE,0,0,FALSE,FALSE,0.5766438369990415,0.00176813,0.176813,-0.003998308369990416,-0.39983083699904154,0.008362357863480526,0.8362357863480526,-0.006594227863480526,-0.6594227863480526
54.447245,11.046403,0.308,Zostera marina,Orth_15.09.20_C7/s3_NA_2020_9_15_54.447245_11.046403_1,15.87287,0.00288904,0.0057664383699904155,0.004982325147465882,0.6510879478510143,FALSE,FALSE,0,0,FALSE,FALSE,0.5766438369990415,0.00288904,0.288904,-0.0028773983699904157,-0.28773983699904154,0.008362357863480526,0.8362357863480526,-0.005473317863480526,-0.5473317863480527
54.447245,11.046403,1.068,Zostera marina,Orth_15.09.20_C7/s4_NA_2020_9_15_54.447245_11.046403_1,20.8842432,0.01001784,0.0057664383699904155,0.004982325147465882,0.6510879478510143,FALSE,FALSE,0,0,FALSE,FALSE,0.5766438369990415,0.01001784,1.001784,0.004251401630009585,0.42514016300095847,0.008362357863480526,0.8362357863480526,0.0016554821365194743,0.16554821365194738
54.447245,11.046403,0.203,Zostera marina,Orth_15.09.20_C8/s1_NA_2020_9_15_54.447245_11.046403_1,3.179415,0.00190414,0.0057664383699904155,0.004982325147465882,0.6510879478510143,FALSE,FALSE,0,0,FALSE,FALSE,0.5766438369990415,0.00190414,0.190414,-0.0038622983699904156,-0.38622983699904156,0.008362357863480526,0.8362357863480526,-0.006458217863480525,-0.6458217863480527
54.447245,11.046403,16.299,Zostera marina,Orth_15.09.20_C8/s4_NA_2020_9_15_54.447245_11.046403_1,22.2195975,0.15288462,0.0057664383699904155,0.004982325147465882,0.6510879478510143,FALSE,FALSE,0,0,FALSE,FALSE,0.5766438369990415,0.15288462,15.288462000000003,0.1471181816300096,14.711818163000961,0.008362357863480526,0.8362357863480526,0.14452226213651947,14.45222621365195
54.447245,11.046403,0.126,Zostera marina,Orth_15.09.20_C10/s1_NA_2020_9_15_54.447245_11.046403_1,3.179415,0.00118188,0.0057664383699904155,0.004982325147465882,0.6510879478510143,FALSE,FALSE,0,0,FALSE,FALSE,0.5766438369990415,0.00118188,0.11818800000000002,-0.004584558369990416,-0.4584558369990415,0.008362357863480526,0.8362357863480526,-0.007180477863480526,-0.7180477863480526
54.447245,11.046403,0.2625,Zostera marina,Orth_15.09.20_C10/s4_NA_2020_9_15_54.447245_11.046403_1,22.2195975,0.00246225,0.0057664383699904155,0.004982325147465882,0.6510879478510143,FALSE,FALSE,0,0,FALSE,FALSE,0.5766438369990415,0.00246225,0.24622500000000003,-0.0033041883699904155,-0.3304188369990415,0.008362357863480526,0.8362357863480526,-0.005900107863480526,-0.5900107863480526
54.447245,11.046403,0.1595,Zostera marina,Orth_15.09.20_C11/s1_NA_2020_9_15_54.447245_11.046403_1,3.179415,0.00149611,0.0057664383699904155,0.004982325147465882,0.6510879478510143,FALSE,FALSE,0,0,FALSE,FALSE,0.5766438369990415,0.00149611,0.149611,-0.004270328369990415,-0.42703283699904154,0.008362357863480526,0.8362357863480526,-0.006866247863480526,-0.6866247863480526
54.191114,11.07453,0.037,Zostera marina,Kellenhusen_19.09.20_C2/s4_NA_2020_9_19_54.191114_11.07453_2.7,21.9652443,3.4706e-4,0.005772894124230531,0.004987914655878538,0.5393687224221845,FALSE,FALSE,0,0,FALSE,FALSE,0.5772894124230531,3.4706e-4,0.034706,-0.005425834124230531,-0.5425834124230531,0.008362357863480526,0.8362357863480526,-0.008015297863480526,-0.8015297863480526
54.191114,11.07453,0.1475,Zostera marina,Kellenhusen_19.09.20_C4/s1_NA_2020_9_19_54.191114_11.07453_3.1,3.179415,0.00138355,0.005772894124230531,0.004987914655878538,0.5393687224221845,FALSE,FALSE,0,0,FALSE,FALSE,0.5772894124230531,0.00138355,0.138355,-0.004389344124230531,-0.4389344124230531,0.008362357863480526,0.8362357863480526,-0.006978807863480526,-0.6978807863480526
54.191114,11.07453,0.0665,Zostera marina,Kellenhusen_19.09.20_C4/s2_NA_2020_9_19_54.191114_11.07453_3.1,9.208200999999999,6.237699999999999e-4,0.005772894124230531,0.004987914655878538,0.5393687224221845,FALSE,FALSE,0,0,FALSE,FALSE,0.5772894124230531,6.237699999999999e-4,0.062376999999999995,-0.005149124124230531,-0.5149124124230531,0.008362357863480526,0.8362357863480526,-0.007738587863480526,-0.7738587863480526
54.191114,11.07453,0.108,Zostera marina,Kellenhusen_19.09.20_C5/s1_NA_2020_9_19_54.191114_11.07453_3.9,3.179415,0.00101304,0.005772894124230531,0.004987914655878538,0.5393687224221845,FALSE,FALSE,0,0,FALSE,FALSE,0.5772894124230531,0.00101304,0.101304,-0.004759854124230531,-0.4759854124230531,0.008362357863480526,0.8362357863480526,-0.007349317863480526,-0.7349317863480527
54.191114,11.07453,0.0545,Zostera marina,Kellenhusen_19.09.20_C5/s2_NA_2020_9_19_54.191114_11.07453_3.9,10.57534945,5.1121e-4,0.005772894124230531,0.004987914655878538,0.5393687224221845,FALSE,FALSE,0,0,FALSE,FALSE,0.5772894124230531,5.1121e-4,0.05112100000000001,-0.005261684124230531,-0.5261684124230531,0.008362357863480526,0.8362357863480526,-0.007851147863480526,-0.7851147863480527
54.191114,11.07453,0.0415,Zostera marina,Kellenhusen_19.09.20_C7/s1_NA_2020_9_19_54.191114_11.07453_2.5,3.179415,3.892699999999999e-4,0.005772894124230531,0.004987914655878538,0.5393687224221845,FALSE,FALSE,0,0,FALSE,FALSE,0.5772894124230531,3.892699999999999e-4,0.03892699999999999,-0.005383624124230531,-0.538362412423053,0.008362357863480526,0.8362357863480526,-0.007973087863480525,-0.7973087863480526
54.191114,11.07453,0.032,Zostera marina,Kellenhusen_19.09.20_C7/s3_NA_2020_9_19_54.191114_11.07453_2.5,15.87287,3.0016e-4,0.005772894124230531,0.004987914655878538,0.5393687224221845,FALSE,FALSE,0,0,FALSE,FALSE,0.5772894124230531,3.0016e-4,0.030016,-0.005472734124230531,-0.547273412423053,0.008362357863480526,0.8362357863480526,-0.008062197863480525,-0.8062197863480526
54.191114,11.07453,0.042,Zostera marina,Kellenhusen_19.09.20_C8/s1_NA_2020_9_19_54.191114_11.07453_2.5,3.179415,3.939599999999999e-4,0.005772894124230531,0.004987914655878538,0.5393687224221845,FALSE,FALSE,0,0,FALSE,FALSE,0.5772894124230531,3.939599999999999e-4,0.039395999999999994,-0.005378934124230531,-0.5378934124230531,0.008362357863480526,0.8362357863480526,-0.007968397863480525,-0.7968397863480526
54.573716,13.465642,0.0845,Zostera marina,Glowe_27.09.20_C2/s4_NA_2020_9_27_54.573716_13.465642_1.2,22.2195975,7.9261e-4,0.00559742560391344,0.004798505055899316,0.6592436961356517,FALSE,FALSE,0,0,FALSE,FALSE,0.559742560391344,7.9261e-4,0.07926100000000001,-0.00480481560391344,-0.48048156039134393,0.008362357863480526,0.8362357863480526,-0.007569747863480526,-0.7569747863480526
54.573716,13.465642,0.5575,Zostera marina,Glowe_27.09.20_C3/s1_NA_2020_9_27_54.573716_13.465642_1.5,3.179415,0.00522935,0.00559742560391344,0.004798505055899316,0.6592436961356517,FALSE,FALSE,0,0,FALSE,FALSE,0.559742560391344,0.00522935,0.522935,-3.680756039134399e-4,-0.03680756039134392,0.008362357863480526,0.8362357863480526,-0.003133007863480526,-0.3133007863480526
54.573716,13.465642,0.114,Zostera marina,Glowe_27.09.20_C3/s3_NA_2020_9_27_54.573716_13.465642_1.5,15.87287,0.00106932,0.00559742560391344,0.004798505055899316,0.6592436961356517,FALSE,FALSE,0,0,FALSE,FALSE,0.559742560391344,0.00106932,0.10693199999999999,-0.004528105603913439,-0.452810560391344,0.008362357863480526,0.8362357863480526,-0.007293037863480525,-0.7293037863480526
54.573716,13.465642,0.5275000000000001,Zostera marina,Glowe_27.09.20_C4/s1_NA_2020_9_27_54.573716_13.465642_1.5,3.179415,0.00494795,0.00559742560391344,0.004798505055899316,0.6592436961356517,FALSE,FALSE,0,0,FALSE,FALSE,0.559742560391344,0.00494795,0.494795,-6.494756039134401e-4,-0.06494756039134397,0.008362357863480526,0.8362357863480526,-0.003414407863480526,-0.34144078634805264
54.573716,13.465642,0.0765,Zostera marina,Glowe_27.09.20_C4/s3_NA_2020_9_27_54.573716_13.465642_1.5,15.87287,7.1757e-4,0.00559742560391344,0.004798505055899316,0.6592436961356517,FALSE,FALSE,0,0,FALSE,FALSE,0.559742560391344,7.1757e-4,0.071757,-0.00487985560391344,-0.48798556039134394,0.008362357863480526,0.8362357863480526,-0.007644787863480526,-0.7644787863480527
54.573716,13.465642,0.131,Zostera marina,Glowe_27.09.20_C5/s1_NA_2020_9_27_54.573716_13.465642_1,3.179415,0.00122878,0.00559742560391344,0.004798505055899316,0.6592436961356517,FALSE,FALSE,0,0,FALSE,FALSE,0.559742560391344,0.00122878,0.122878,-0.004368645603913439,-0.43686456039134397,0.008362357863480526,0.8362357863480526,-0.007133577863480525,-0.7133577863480526
54.573716,13.465642,0.093,Zostera marina,Glowe_27.09.20_C5/s3_NA_2020_9_27_54.573716_13.465642_1,15.87287,8.723399999999999e-4,0.00559742560391344,0.004798505055899316,0.6592436961356517,FALSE,FALSE,0,0,FALSE,FALSE,0.559742560391344,8.723399999999999e-4,0.08723399999999999,-0.00472508560391344,-0.472508560391344,0.008362357863480526,0.8362357863480526,-0.007490017863480526,-0.7490017863480526
54.573716,13.465642,0.175,Zostera marina,Glowe_27.09.20_C6/s1_NA_2020_9_27_54.573716_13.465642_1,3.179415,0.0016415,0.00559742560391344,0.004798505055899316,0.6592436961356517,FALSE,FALSE,0,0,FALSE,FALSE,0.559742560391344,0.0016415,0.16415000000000002,-0.00395592560391344,-0.39559256039134394,0.008362357863480526,0.8362357863480526,-0.006720857863480526,-0.6720857863480526
54.13708,13.539405,0.1415,Zostera marina,Gahlkow_30.09.20_C2/s4_NA_2020_9_30_54.13708_13.539405_1,23.4277752,0.00132727,0.005763904398738923,0.004980169134542733,0.505997545635929,FALSE,FALSE,0,0,FALSE,FALSE,0.5763904398738923,0.00132727,0.132727,-0.004436634398738923,-0.44366343987389223,0.008362357863480526,0.8362357863480526,-0.0070350878634805256,-0.7035087863480526
54.13708,13.539405,0.094,Zostera marina,Gahlkow_30.09.20_C3/s1_NA_2020_9_30_54.13708_13.539405_1.1,3.179415,8.817199999999999e-4,0.005763904398738923,0.004980169134542733,0.505997545635929,FALSE,FALSE,0,0,FALSE,FALSE,0.5763904398738923,8.817199999999999e-4,0.088172,-0.004882184398738923,-0.48821843987389224,0.008362357863480526,0.8362357863480526,-0.007480637863480526,-0.7480637863480526
54.13708,13.539405,0.1605,Zostera marina,Gahlkow_30.09.20_C3/s3_NA_2020_9_30_54.13708_13.539405_1.1,15.87287,0.00150549,0.005763904398738923,0.004980169134542733,0.505997545635929,FALSE,FALSE,0,0,FALSE,FALSE,0.5763904398738923,0.00150549,0.15054900000000002,-0.004258414398738923,-0.4258414398738922,0.008362357863480526,0.8362357863480526,-0.006856867863480526,-0.6856867863480526
54.13708,13.539405,0.08299999999999999,Zostera marina,Gahlkow_30.09.20_C3/s5_NA_2020_9_30_54.13708_13.539405_1.1,28.566325,7.785399999999999e-4,0.005763904398738923,0.004980169134542733,0.505997545635929,FALSE,FALSE,0,0,FALSE,FALSE,0.5763904398738923,7.785399999999999e-4,0.07785399999999999,-0.004985364398738923,-0.4985364398738923,0.008362357863480526,0.8362357863480526,-0.007583817863480526,-0.7583817863480526
54.13708,13.539405,0.0925,Zostera marina,Gahlkow_30.09.20_C4/s1_NA_2020_9_30_54.13708_13.539405_1.1,3.179415,8.6765e-4,0.005763904398738923,0.004980169134542733,0.505997545635929,FALSE,FALSE,0,0,FALSE,FALSE,0.5763904398738923,8.6765e-4,0.086765,-0.004896254398738923,-0.4896254398738923,0.008362357863480526,0.8362357863480526,-0.0074947078634805256,-0.7494707863480526
54.13708,13.539405,0.15,Zostera marina,Gahlkow_30.09.20_C4/s3_NA_2020_9_30_54.13708_13.539405_1.1,15.87287,0.001407,0.005763904398738923,0.004980169134542733,0.505997545635929,FALSE,FALSE,0,0,FALSE,FALSE,0.5763904398738923,0.001407,0.14070000000000002,-0.004356904398738923,-0.4356904398738922,0.008362357863480526,0.8362357863480526,-0.0069553578634805255,-0.6955357863480526
54.13708,13.539405,0.051,Zostera marina,Gahlkow_30.09.20_C4/s5_NA_2020_9_30_54.13708_13.539405_1.1,28.97964895,4.7838e-4,0.005763904398738923,0.004980169134542733,0.505997545635929,FALSE,FALSE,0,0,FALSE,FALSE,0.5763904398738923,4.7838e-4,0.047838,-0.005285524398738924,-0.5285524398738922,0.008362357863480526,0.8362357863480526,-0.007883977863480525,-0.7883977863480526
54.13708,13.539405,0.1,Zostera marina,Gahlkow_30.09.20_C5/s1_NA_2020_9_30_54.13708_13.539405_1.2,3.179415,9.379999999999999e-4,0.005763904398738923,0.004980169134542733,0.505997545635929,FALSE,FALSE,0,0,FALSE,FALSE,0.5763904398738923,9.379999999999999e-4,0.0938,-0.004825904398738924,-0.4825904398738923,0.008362357863480526,0.8362357863480526,-0.007424357863480526,-0.7424357863480526
54.13708,13.539405,0.1035,Zostera marina,Gahlkow_30.09.20_C5/s4_NA_2020_9_30_54.13708_13.539405_1.2,22.2195975,9.708299999999999e-4,0.005763904398738923,0.004980169134542733,0.505997545635929,FALSE,FALSE,0,0,FALSE,FALSE,0.5763904398738923,9.708299999999999e-4,0.09708299999999999,-0.004793074398738923,-0.4793074398738923,0.008362357863480526,0.8362357863480526,-0.007391527863480526,-0.7391527863480526
54.13708,13.539405,0.1205,Zostera marina,Gahlkow_30.09.20_C6/s1_NA_2020_9_30_54.13708_13.539405_1.3,3.179415,0.00113029,0.005763904398738923,0.004980169134542733,0.505997545635929,FALSE,FALSE,0,0,FALSE,FALSE,0.5763904398738923,0.00113029,0.113029,-0.004633614398738923,-0.4633614398738923,0.008362357863480526,0.8362357863480526,-0.007232067863480526,-0.7232067863480526
54.13708,13.539405,0.2215,Zostera marina,Gahlkow_30.09.20_C6/s4_NA_2020_9_30_54.13708_13.539405_1.3,22.2195975,0.00207767,0.005763904398738923,0.004980169134542733,0.505997545635929,FALSE,FALSE,0,0,FALSE,FALSE,0.5763904398738923,0.00207767,0.20776700000000003,-0.003686234398738923,-0.36862343987389223,0.008362357863480526,0.8362357863480526,-0.0062846878634805255,-0.6284687863480526
54.13708,13.539405,0.1095,Zostera marina,Gahlkow_30.09.20_C7/s1_NA_2020_9_30_54.13708_13.539405_1.1,3.179415,0.00102711,0.005763904398738923,0.004980169134542733,0.505997545635929,FALSE,FALSE,0,0,FALSE,FALSE,0.5763904398738923,0.00102711,0.102711,-0.004736794398738923,-0.47367943987389227,0.008362357863480526,0.8362357863480526,-0.007335247863480526,-0.7335247863480526
54.13708,13.539405,0.0935,Zostera marina,Gahlkow_30.09.20_C7/s4_NA_2020_9_30_54.13708_13.539405_1.1,22.2195975,8.770299999999999e-4,0.005763904398738923,0.004980169134542733,0.505997545635929,FALSE,FALSE,0,0,FALSE,FALSE,0.5763904398738923,8.770299999999999e-4,0.08770299999999999,-0.004886874398738923,-0.4886874398738923,0.008362357863480526,0.8362357863480526,-0.007485327863480526,-0.7485327863480526
54.13708,13.539405,0.149,Zostera marina,Gahlkow_30.09.20_C8/s1_NA_2020_9_30_54.13708_13.539405_1.1,3.179415,0.00139762,0.005763904398738923,0.004980169134542733,0.505997545635929,FALSE,FALSE,0,0,FALSE,FALSE,0.5763904398738923,0.00139762,0.13976200000000003,-0.004366284398738924,-0.4366284398738922,0.008362357863480526,0.8362357863480526,-0.006964737863480525,-0.6964737863480526
54.337262,13.753084,0.2015,Zostera marina,Gohren_01.10.20_C2/s2_NA_2020_10_1_54.337262_13.753084_2,9.526142499999999,0.00189007,0.005528713126603917,0.004759082883582758,0.835059169340085,FALSE,FALSE,0,0,FALSE,FALSE,0.5528713126603917,0.00189007,0.189007,-0.003638643126603917,-0.36386431266039165,0.008362357863480526,0.8362357863480526,-0.006472287863480526,-0.6472287863480526
54.337262,13.753084,0.045,Zostera marina,Gohren_01.10.20_C2/s3_NA_2020_10_1_54.337262_13.753084_2,15.87287,4.221e-4,0.005528713126603917,0.004759082883582758,0.835059169340085,FALSE,FALSE,0,0,FALSE,FALSE,0.5528713126603917,4.221e-4,0.042210000000000004,-0.005106613126603917,-0.5106613126603917,0.008362357863480526,0.8362357863480526,-0.007940257863480526,-0.7940257863480527
54.337262,13.753084,0.125,Zostera marina,Gohren_01.10.20_C3/s1_NA_2020_10_1_54.337262_13.753084_2.1,3.179415,0.0011725,0.005528713126603917,0.004759082883582758,0.835059169340085,FALSE,FALSE,0,0,FALSE,FALSE,0.5528713126603917,0.0011725,0.11725,-0.004356213126603917,-0.4356213126603917,0.008362357863480526,0.8362357863480526,-0.007189857863480526,-0.7189857863480527
54.337262,13.753084,0.07,Zostera marina,Gohren_01.10.20_C3/s3_NA_2020_10_1_54.337262_13.753084_2.1,15.87287,6.566e-4,0.005528713126603917,0.004759082883582758,0.835059169340085,FALSE,FALSE,0,0,FALSE,FALSE,0.5528713126603917,6.566e-4,0.06566000000000001,-0.0048721131266039166,-0.4872113126603917,0.008362357863480526,0.8362357863480526,-0.0077057578634805255,-0.7705757863480526
54.337262,13.753084,0.065,Zostera marina,Gohren_01.10.20_C3/s4_NA_2020_10_1_54.337262_13.753084_2.1,22.6647156,6.096999999999999e-4,0.005528713126603917,0.004759082883582758,0.835059169340085,FALSE,FALSE,0,0,FALSE,FALSE,0.5528713126603917,6.096999999999999e-4,0.060969999999999996,-0.0049190131266039164,-0.4919013126603917,0.008362357863480526,0.8362357863480526,-0.007752657863480526,-0.7752657863480527
54.337262,13.753084,0.256,Zostera marina,Gohren_01.10.20_C4/s1_NA_2020_10_1_54.337262_13.753084_1.8,3.179415,0.00240128,0.005528713126603917,0.004759082883582758,0.835059169340085,FALSE,FALSE,0,0,FALSE,FALSE,0.5528713126603917,0.00240128,0.240128,-0.003127433126603917,-0.3127433126603917,0.008362357863480526,0.8362357863480526,-0.005961077863480525,-0.5961077863480526
54.337262,13.753084,0.197,Zostera marina,Gohren_01.10.20_C4/s3_NA_2020_10_1_54.337262_13.753084_1.8,15.87287,0.00184786,0.005528713126603917,0.004759082883582758,0.835059169340085,FALSE,FALSE,0,0,FALSE,FALSE,0.5528713126603917,0.00184786,0.184786,-0.003680853126603917,-0.3680853126603917,0.008362357863480526,0.8362357863480526,-0.006514497863480526,-0.6514497863480526
54.337262,13.753084,0.5225,Zostera marina,Gohren_01.10.20_C4/s4_NA_2020_10_1_54.337262_13.753084_1.8,22.2195975,0.00490105,0.005528713126603917,0.004759082883582758,0.835059169340085,FALSE,FALSE,0,0,FALSE,FALSE,0.5528713126603917,0.00490105,0.490105,-6.276631266039171e-4,-0.06276631266039168,0.008362357863480526,0.8362357863480526,-0.003461307863480526,-0.3461307863480526
54.7742337,9.8867358,0.1105,Zostera marina,Gelting_Bay_23.11.20_C2/s1_NA_2020_11_23_54.7742337_9.8867358_2.9,3.179415,0.00103649,0.00652503130803839,0.005485730713363854,0.6251389829861954,FALSE,TRUE,1,7.6923076923076925,FALSE,TRUE,0.652503130803839,0.00103649,0.10364899999999999,-0.0054885413080383895,-0.548854130803839,0.008362357863480526,0.8362357863480526,-0.007325867863480526,-0.7325867863480526
54.7742337,9.8867358,0.0925,Zostera marina,Gelting_Bay_23.11.20_C2/s3_NA_2020_11_23_54.7742337_9.8867358_2.9,15.87287,8.6765e-4,0.00652503130803839,0.005485730713363854,0.6251389829861954,FALSE,TRUE,1,7.6923076923076925,FALSE,TRUE,0.652503130803839,8.6765e-4,0.086765,-0.0056573813080383895,-0.5657381308038391,0.008362357863480526,0.8362357863480526,-0.0074947078634805256,-0.7494707863480526
54.7742337,9.8867358,0.253,Zostera marina,Gelting_Bay_23.11.20_C3/s1_NA_2020_11_23_54.7742337_9.8867358_3,3.179415,0.00237314,0.00652503130803839,0.005485730713363854,0.6251389829861954,FALSE,TRUE,1,7.6923076923076925,FALSE,TRUE,0.652503130803839,0.00237314,0.23731400000000002,-0.0041518913080383895,-0.415189130803839,0.008362357863480526,0.8362357863480526,-0.005989217863480526,-0.5989217863480526
54.7742337,9.8867358,0.1255,Zostera marina,Gelting_Bay_23.11.20_C3/s3_NA_2020_11_23_54.7742337_9.8867358_3,15.87287,0.00117719,0.00652503130803839,0.005485730713363854,0.6251389829861954,FALSE,TRUE,1,7.6923076923076925,FALSE,TRUE,0.652503130803839,0.00117719,0.117719,-0.00534784130803839,-0.534784130803839,0.008362357863480526,0.8362357863480526,-0.007185167863480526,-0.7185167863480526
54.7742337,9.8867358,0.1665,Zostera marina,Gelting_Bay_23.11.20_C4/s1_NA_2020_11_23_54.7742337_9.8867358_3.1,3.179415,0.00156177,0.00652503130803839,0.005485730713363854,0.6251389829861954,FALSE,TRUE,1,7.6923076923076925,FALSE,TRUE,0.652503130803839,0.00156177,0.156177,-0.00496326130803839,-0.496326130803839,0.008362357863480526,0.8362357863480526,-0.006800587863480525,-0.6800587863480526
54.7742337,9.8867358,1.0205,Zostera marina,Gelting_Bay_23.11.20_C4/s3_NA_2020_11_23_54.7742337_9.8867358_3.1,15.87287,0.009572289999999999,0.00652503130803839,0.005485730713363854,0.6251389829861954,FALSE,TRUE,1,7.6923076923076925,FALSE,TRUE,0.652503130803839,0.009572289999999999,0.9572289999999999,0.0030472586919616093,0.30472586919616085,0.008362357863480526,0.8362357863480526,0.0012099321365194732,0.12099321365194726
54.7742337,9.8867358,0.1115,Zostera marina,Gelting_Bay_23.11.20_C5/s1_NA_2020_11_23_54.7742337_9.8867358_3,3.179415,0.00104587,0.00652503130803839,0.005485730713363854,0.6251389829861954,FALSE,TRUE,1,7.6923076923076925,FALSE,TRUE,0.652503130803839,0.00104587,0.10458699999999999,-0.00547916130803839,-0.547916130803839,0.008362357863480526,0.8362357863480526,-0.007316487863480526,-0.7316487863480526
54.7742337,9.8867358,0.909,Zostera marina,Gelting_Bay_23.11.20_C5/s2_NA_2020_11_23_54.7742337_9.8867358_3,9.526142499999999,0.00852642,0.00652503130803839,0.005485730713363854,0.6251389829861954,FALSE,TRUE,1,7.6923076923076925,FALSE,TRUE,0.652503130803839,0.00852642,0.852642,0.00200138869196161,0.20013886919616097,0.008362357863480526,0.8362357863480526,1.6406213651947409e-4,0.016406213651947388
54.7742337,9.8867358,0.107,Zostera marina,Gelting_Bay_23.11.20_C6/s1_NA_2020_11_23_54.7742337_9.8867358_2.8,3.179415,0.00100366,0.00652503130803839,0.005485730713363854,0.6251389829861954,FALSE,TRUE,1,7.6923076923076925,FALSE,TRUE,0.652503130803839,0.00100366,0.10036600000000001,-0.00552137130803839,-0.552137130803839,0.008362357863480526,0.8362357863480526,-0.007358697863480526,-0.7358697863480526
54.7742337,9.8867358,0.394,Zostera marina,Gelting_Bay_23.11.20_C6/s2_NA_2020_11_23_54.7742337_9.8867358_2.8,9.526142499999999,0.00369572,0.00652503130803839,0.005485730713363854,0.6251389829861954,FALSE,TRUE,1,7.6923076923076925,FALSE,TRUE,0.652503130803839,0.00369572,0.369572,-0.0028293113080383897,-0.282931130803839,0.008362357863480526,0.8362357863480526,-0.004666637863480526,-0.4666637863480526
54.7742337,9.8867358,0.0695,Zostera marina,Gelting_Bay_23.11.20_C7/s1_NA_2020_11_23_54.7742337_9.8867358_1.8,3.179415,6.5191e-4,0.00652503130803839,0.005485730713363854,0.6251389829861954,FALSE,TRUE,1,7.6923076923076925,FALSE,TRUE,0.652503130803839,6.5191e-4,0.065191,-0.005873121308038389,-0.587312130803839,0.008362357863480526,0.8362357863480526,-0.007710447863480525,-0.7710447863480526
54.7742337,9.8867358,0.056,Zostera marina,Gelting_Bay_23.11.20_C7/s4_NA_2020_11_23_54.7742337_9.8867358_1.8,21.1385964,5.2528e-4,0.00652503130803839,0.005485730713363854,0.6251389829861954,FALSE,TRUE,1,7.6923076923076925,FALSE,TRUE,0.652503130803839,5.2528e-4,0.05252800000000001,-0.005999751308038389,-0.599975130803839,0.008362357863480526,0.8362357863480526,-0.007837077863480526,-0.7837077863480526
54.7742337,9.8867358,0.076,Zostera marina,Gelting_Bay_23.11.20_C8/s1_NA_2020_11_23_54.7742337_9.8867358_1.7,3.179415,7.128799999999999e-4,0.00652503130803839,0.005485730713363854,0.6251389829861954,FALSE,TRUE,1,7.6923076923076925,FALSE,TRUE,0.652503130803839,7.128799999999999e-4,0.071288,-0.00581215130803839,-0.581215130803839,0.008362357863480526,0.8362357863480526,-0.007649477863480526,-0.7649477863480526
54.7962441,9.9303247,0.051,Zostera marina,Gelting_LH_24.11.20_C2/s3_NA_2020_11_24_54.7962441_9.9303247_3.9,15.87287,4.783799999999999e-4,0.005975083598535912,0.00514731044850077,0.6907739947118087,FALSE,TRUE,1,7.6923076923076925,FALSE,TRUE,0.5975083598535912,4.783799999999999e-4,0.04783799999999999,-0.005496703598535912,-0.5496703598535913,0.008362357863480526,0.8362357863480526,-0.007883977863480525,-0.7883977863480527
54.7962441,9.9303247,0.1735,Zostera marina,Gelting_LH_24.11.20_C3/s1_NA_2020_11_24_54.7962441_9.9303247_3.3,3.179415,0.00162743,0.005975083598535912,0.00514731044850077,0.6907739947118087,FALSE,TRUE,1,7.6923076923076925,FALSE,TRUE,0.5975083598535912,0.00162743,0.162743,-0.004347653598535912,-0.4347653598535912,0.008362357863480526,0.8362357863480526,-0.006734927863480526,-0.6734927863480527
54.7962441,9.9303247,0.0605,Zostera marina,Gelting_LH_24.11.20_C3/s3_NA_2020_11_24_54.7962441_9.9303247_3.3,15.87287,5.674899999999999e-4,0.005975083598535912,0.00514731044850077,0.6907739947118087,FALSE,TRUE,1,7.6923076923076925,FALSE,TRUE,0.5975083598535912,5.674899999999999e-4,0.056748999999999994,-0.005407593598535912,-0.5407593598535911,0.008362357863480526,0.8362357863480526,-0.007794867863480525,-0.7794867863480526
54.7962441,9.9303247,0.1005,Zostera marina,Gelting_LH_24.11.20_C4/s1_NA_2020_11_24_54.7962441_9.9303247_2.5,3.179415,9.426899999999999e-4,0.005975083598535912,0.00514731044850077,0.6907739947118087,FALSE,TRUE,1,7.6923076923076925,FALSE,TRUE,0.5975083598535912,9.426899999999999e-4,0.09426899999999999,-0.005032393598535911,-0.5032393598535911,0.008362357863480526,0.8362357863480526,-0.007419667863480526,-0.7419667863480526
54.7962441,9.9303247,0.05,Zostera marina,Gelting_LH_24.11.20_C4/s3_NA_2020_11_24_54.7962441_9.9303247_2.5,15.87287,4.69e-4,0.005975083598535912,0.00514731044850077,0.6907739947118087,FALSE,TRUE,1,7.6923076923076925,FALSE,TRUE,0.5975083598535912,4.69e-4,0.046900000000000004,-0.005506083598535912,-0.5506083598535911,0.008362357863480526,0.8362357863480526,-0.007893357863480525,-0.7893357863480526
54.7962441,9.9303247,0.1025,Zostera marina,Gelting_LH_24.11.20_C5/s1_NA_2020_11_24_54.7962441_9.9303247_2.5,3.179415,9.6145e-4,0.005975083598535912,0.00514731044850077,0.6907739947118087,FALSE,TRUE,1,7.6923076923076925,FALSE,TRUE,0.5975083598535912,9.6145e-4,0.09614500000000001,-0.005013633598535912,-0.5013633598535912,0.008362357863480526,0.8362357863480526,-0.007400907863480526,-0.7400907863480526
54.7962441,9.9303247,0.0415,Zostera marina,Gelting_LH_24.11.20_C5/s4_NA_2020_11_24_54.7962441_9.9303247_2.5,22.0288326,3.8927e-4,0.005975083598535912,0.00514731044850077,0.6907739947118087,FALSE,TRUE,1,7.6923076923076925,FALSE,TRUE,0.5975083598535912,3.8927e-4,0.038927,-0.005585813598535912,-0.5585813598535911,0.008362357863480526,0.8362357863480526,-0.007973087863480525,-0.7973087863480526
54.7962441,9.9303247,0.12,Zostera marina,Gelting_LH_24.11.20_C6/s1_NA_2020_11_24_54.7962441_9.9303247_1.8,3.179415,0.0011256,0.005975083598535912,0.00514731044850077,0.6907739947118087,FALSE,TRUE,1,7.6923076923076925,FALSE,TRUE,0.5975083598535912,0.0011256,0.11256,-0.004849483598535912,-0.4849483598535912,0.008362357863480526,0.8362357863480526,-0.007236757863480526,-0.7236757863480526
54.7962441,9.9303247,0.0455,Zostera marina,Gelting_LH_24.11.20_C6/s3_NA_2020_11_24_54.7962441_9.9303247_1.8,15.87287,4.2679e-4,0.005975083598535912,0.00514731044850077,0.6907739947118087,FALSE,TRUE,1,7.6923076923076925,FALSE,TRUE,0.5975083598535912,4.2679e-4,0.042679,-0.005548293598535912,-0.5548293598535912,0.008362357863480526,0.8362357863480526,-0.007935567863480526,-0.7935567863480526
54.7962441,9.9303247,0.03700000000000001,Zostera marina,Gelting_LH_24.11.20_C6/s4_NA_2020_11_24_54.7962441_9.9303247_1.8,21.4565379,3.4706e-4,0.005975083598535912,0.00514731044850077,0.6907739947118087,FALSE,TRUE,1,7.6923076923076925,FALSE,TRUE,0.5975083598535912,3.4706e-4,0.034706,-0.005628023598535912,-0.5628023598535912,0.008362357863480526,0.8362357863480526,-0.008015297863480526,-0.8015297863480526
54.7962441,9.9303247,0.0505,Zostera marina,Gelting_LH_24.11.20_C7/s1_NA_2020_11_24_54.7962441_9.9303247_1.5,3.179415,4.7369e-4,0.005975083598535912,0.00514731044850077,0.6907739947118087,FALSE,TRUE,1,7.6923076923076925,FALSE,TRUE,0.5975083598535912,4.7369e-4,0.047369,-0.005501393598535912,-0.5501393598535912,0.008362357863480526,0.8362357863480526,-0.007888667863480525,-0.7888667863480526
54.7962441,9.9303247,0.057,Zostera marina,Gelting_LH_24.11.20_C7/s3_NA_2020_11_24_54.7962441_9.9303247_1.5,15.87287,5.3466e-4,0.005975083598535912,0.00514731044850077,0.6907739947118087,FALSE,TRUE,1,7.6923076923076925,FALSE,TRUE,0.5975083598535912,5.3466e-4,0.05346599999999999,-0.005440423598535912,-0.5440423598535912,0.008362357863480526,0.8362357863480526,-0.007827697863480526,-0.7827697863480526
54.7962441,9.9303247,0.0435,Zostera marina,Gelting_LH_24.11.20_C8/s1_NA_2020_11_24_54.7962441_9.9303247_1.5,3.179415,0.00040802999999999993,0.005975083598535912,0.00514731044850077,0.6907739947118087,FALSE,TRUE,1,7.6923076923076925,FALSE,TRUE,0.5975083598535912,0.00040802999999999993,0.040803,-0.0055670535985359116,-0.5567053598535912,0.008362357863480526,0.8362357863480526,-0.007954327863480526,-0.7954327863480526
37.3955,23.5824,6.311,Posidonia oceanica,Sounio_Sounio_impacted by fish farming_NA_2006_4_NA_37.3955_23.5824_16,0.635883,0.0160867,0.018818367056801052,0.016244414022258385,0.9129123335710303,FALSE,FALSE,0,0,FALSE,FALSE,1.8818367056801053,0.0160867,1.60867,-0.0027316670568010536,-0.27316670568010526,0.047146697287894904,4.714669728789491,-0.031059997287894905,-3.1059997287894907
37.3955,23.5824,4.844,Posidonia oceanica,Sounio_Sounio_impacted by fish farming_NA_2006_6_NA_37.3955_23.5824_16,0.635883,0.05668802999999999,0.018818367056801052,0.016244414022258385,0.9129123335710303,FALSE,FALSE,0,0,FALSE,FALSE,1.8818367056801053,0.05668802999999999,5.668803,0.03786966294319894,3.7869662943198943,0.047146697287894904,4.714669728789491,0.00954133271210509,0.9541332712105088
37.3955,23.5824,4.378,Posidonia oceanica,Sounio_Sounio_impacted by fish farming_NA_2006_8_NA_37.3955_23.5824_16,0.635883,0.05991943999999999,0.018818367056801052,0.016244414022258385,0.9129123335710303,FALSE,FALSE,0,0,FALSE,FALSE,1.8818367056801053,0.05991943999999999,5.991943999999999,0.04110107294319894,4.110107294319894,0.047146697287894904,4.714669728789491,0.012772742712105087,1.2772742712105085
37.3955,23.5824,4.46,Posidonia oceanica,Sounio_Sounio_impacted by fish farming_NA_2006_10_NA_37.3955_23.5824_16,0.635883,0.04490205999999999,0.018818367056801052,0.016244414022258385,0.9129123335710303,FALSE,FALSE,0,0,FALSE,FALSE,1.8818367056801053,0.04490205999999999,4.490205999999999,0.026083692943198934,2.6083692943198935,0.047146697287894904,4.714669728789491,-0.002244637287894917,-0.22446372878949195
37.3955,23.5824,6.729,Posidonia oceanica,Sounio_Sounio_impacted by fish farming_NA_2006_12_NA_37.3955_23.5824_16,0.635883,0.05109754999999999,0.018818367056801052,0.016244414022258385,0.9129123335710303,FALSE,FALSE,0,0,FALSE,FALSE,1.8818367056801053,0.05109754999999999,5.109755,0.03227918294319894,3.2279182943198945,0.047146697287894904,4.714669728789491,0.003950852712105088,0.39508527121050907
37.3955,23.5824,3.427,Posidonia oceanica,Sounio_Sounio_impacted by fish farming_NA_2007_2_NA_37.3955_23.5824_16,0.635883,0.0314699,0.018818367056801052,0.016244414022258385,0.9129123335710303,FALSE,FALSE,0,0,FALSE,FALSE,1.8818367056801053,0.0314699,3.1469900000000006,0.01265153294319895,1.2651532943198953,0.047146697287894904,4.714669728789491,-0.0156767972878949,-1.5676797287894901
37.3955,23.5824,2.695,Posidonia oceanica,Sounio_Sounio_impacted by fish farming_NA_2007_4_NA_37.3955_23.5824_16,0.635883,0.03497802,0.018818367056801052,0.016244414022258385,0.9129123335710303,FALSE,FALSE,0,0,FALSE,FALSE,1.8818367056801053,0.03497802,3.497802,0.016159652943198946,1.6159652943198948,0.047146697287894904,4.714669728789491,-0.012168677287894905,-1.2168677287894907
37.3955,23.5824,0.393,Posidonia oceanica,Sounio_control_NA_2006_4_NA_37.3955_23.5824_14.5,0.635883,0.00175406,0.018818367056801052,0.016244414022258385,0.9129123335710303,FALSE,FALSE,0,0,FALSE,FALSE,1.8818367056801053,0.00175406,0.175406,-0.01706430705680105,-1.7064307056801054,0.047146697287894904,4.714669728789491,-0.0453926372878949,-4.539263728789491
37.3955,23.5824,0.551,Posidonia oceanica,Sounio_control_NA_2006_6_NA_37.3955_23.5824_14.5,0.635883,0.00277648,0.018818367056801052,0.016244414022258385,0.9129123335710303,FALSE,FALSE,0,0,FALSE,FALSE,1.8818367056801053,0.00277648,0.277648,-0.01604188705680105,-1.6041887056801052,0.047146697287894904,4.714669728789491,-0.044370217287894906,-4.437021728789491
37.3955,23.5824,0.183,Posidonia oceanica,Sounio_control_NA_2006_8_NA_37.3955_23.5824_14.5,0.635883,0.00210112,0.018818367056801052,0.016244414022258385,0.9129123335710303,FALSE,FALSE,0,0,FALSE,FALSE,1.8818367056801053,0.00210112,0.21011200000000005,-0.01671724705680105,-1.6717247056801052,0.047146697287894904,4.714669728789491,-0.045045577287894906,-4.504557728789491
37.3955,23.5824,0.251,Posidonia oceanica,Sounio_control_NA_2006_10_NA_37.3955_23.5824_14.5,0.635883,0.006500339999999999,0.018818367056801052,0.016244414022258385,0.9129123335710303,FALSE,FALSE,0,0,FALSE,FALSE,1.8818367056801053,0.006500339999999999,0.650034,-0.012318027056801052,-1.2318027056801053,0.047146697287894904,4.714669728789491,-0.0406463572878949,-4.064635728789491
37.3955,23.5824,0.309,Posidonia oceanica,Sounio_control_NA_2006_12_NA_37.3955_23.5824_14.5,0.635883,0.00392553,0.018818367056801052,0.016244414022258385,0.9129123335710303,FALSE,FALSE,0,0,FALSE,FALSE,1.8818367056801053,0.00392553,0.39255300000000004,-0.014892837056801052,-1.4892837056801054,0.047146697287894904,4.714669728789491,-0.04322116728789491,-4.32211672878949
37.3955,23.5824,0.268,Posidonia oceanica,Sounio_control_NA_2007_2_NA_37.3955_23.5824_14.5,0.635883,0.007166319999999999,0.018818367056801052,0.016244414022258385,0.9129123335710303,FALSE,FALSE,0,0,FALSE,FALSE,1.8818367056801053,0.007166319999999999,0.7166319999999999,-0.011652047056801054,-1.1652047056801054,0.047146697287894904,4.714669728789491,-0.03998037728789491,-3.998037728789491
37.3955,23.5824,0.187,Posidonia oceanica,Sounio_control_NA_2007_4_NA_37.3955_23.5824_14.5,0.635883,0.00164619,0.018818367056801052,0.016244414022258385,0.9129123335710303,FALSE,FALSE,0,0,FALSE,FALSE,1.8818367056801053,0.00164619,0.16461900000000002,-0.017172177056801054,-1.7172177056801052,0.047146697287894904,4.714669728789491,-0.045500507287894905,-4.550050728789491
59.007758,11.226914,5.147333333333333,Zostera marina,Swedish Skagerrak coast_1. Dyne_NA_2000_NA_NA_59.007758_11.226914_2.36666666666667,3.179415,0.04828198666666666,0.005765072981717701,0.004981189906888066,0.09994586021772485,TRUE,TRUE,4,30.76923076923077,FALSE,TRUE,0.5765072981717702,0.04828198666666666,4.828198666666666,0.042516913684948955,4.251691368494896,0.008362357863480526,0.8362357863480526,0.039919628803186134,3.9919628803186136
58.988247,11.157141,8.811,Zostera marina,Swedish Skagerrak coast_2. Bågen_NA_2000_NA_NA_58.988247_11.157141_1.73333333333333,3.179415,0.08264717999999999,0.005876703516789422,0.005076619260973352,0.6244270327580113,FALSE,TRUE,3,23.076923076923077,FALSE,TRUE,0.5876703516789422,0.08264717999999999,8.264718,0.07677047648321056,7.677047648321058,0.008362357863480526,0.8362357863480526,0.07428482213651946,7.4284822136519475
58.97597,11.130044,0.5763333333333334,Zostera marina,Swedish Skagerrak coast_3. Capri_NA_2000_NA_NA_58.97597_11.130044_2,3.179415,0.005406006666666667,0.005874898151905362,0.0050751105359947,0.6372767958575686,FALSE,TRUE,3,23.076923076923077,FALSE,TRUE,0.5874898151905362,0.005406006666666667,0.5406006666666666,-4.688914852386955e-4,-0.046889148523869606,0.008362357863480526,0.8362357863480526,-0.002956351196813859,-0.295635119681386
58.946913,11.170673,4.045,Zostera marina,Swedish Skagerrak coast_4. Strömstad_NA_2000_NA_NA_58.946913_11.170673_1.63333333333333,3.179415,0.0379421,0.005766270242831573,0.004982224238960066,0.3573106380647577,TRUE,TRUE,3,23.076923076923077,FALSE,TRUE,0.5766270242831574,0.0379421,3.7942099999999996,0.03217582975716843,3.217582975716842,0.008362357863480526,0.8362357863480526,0.029579742136519475,2.957974213651947
58.937602,11.151167,8.778666666666666,Zostera marina,Swedish Skagerrak coast_5. Nötholmen_NA_2000_NA_NA_58.937602_11.151167_1.76666666666667,3.179415,0.08234389333333332,0.005766270242831573,0.004982224238960066,0.3573106380647577,TRUE,TRUE,3,23.076923076923077,FALSE,TRUE,0.5766270242831574,0.08234389333333332,8.234389333333333,0.07657762309050174,7.657762309050176,0.008362357863480526,0.8362357863480526,0.0739815354698528,7.39815354698528
58.896896,11.121408,0.56466666666666665,Zostera marina,Swedish Skagerrak coast_6. Yttre Burholmen_NA_2000_NA_NA_58.896896_11.121408_2.56666666666667,3.179415,0.005296573333333333,0.005765098354171247,0.004981211829373533,0.3118003781247258,TRUE,TRUE,3,23.076923076923077,FALSE,TRUE,0.5765098354171247,0.005296573333333333,0.5296573333333333,-4.685250208379139e-4,-0.046852502083791436,0.008362357863480526,0.8362357863480526,-0.003065784530147193,-0.3065784530147193
58.901057,11.144677,13.786,Zostera marina,Swedish Skagerrak coast_7. Ramnekroken_NA_2000_NA_NA_58.901057_11.144677_2.73333333333333,3.179415,0.12931268,0.005766270242100606,0.004982224238328658,0.3319015665325569,TRUE,TRUE,3,23.076923076923077,FALSE,TRUE,0.5766270242100606,0.12931268,12.931268000000001,0.1235464097578994,12.354640975789941,0.008362357863480526,0.8362357863480526,0.12095032213651949,12.09503221365195
58.878959,11.135867,1.754,Zostera marina,Swedish Skagerrak coast_8. Tjärnö_NA_2000_NA_NA_58.878959_11.135867_1.86666666666667,3.179415,0.01645251999999999,0.005766195621217584,0.004982159781100442,0.34826825445462967,TRUE,TRUE,3,23.076923076923077,FALSE,TRUE,0.5766195621217585,0.01645251999999999,1.6452519999999993,0.010686324378782407,1.0686324378782408,0.008362357863480526,0.8362357863480526,0.008090162136519466,0.8090162136519466
58.898263,11.178473,10.267,Zostera marina,Swedish Skagerrak coast_9. Västra Dafön_NA_2000_NA_NA_58.898263_11.178473_2.1,3.179415,0.09630446000000001,0.00576627449165329,0.004982227909279967,0.3342817700149922,TRUE,TRUE,3,23.076923076923077,FALSE,TRUE,0.576627449165329,0.09630446000000001,9.630446000000001,0.09053818550834672,9.053818550834672,0.008362357863480526,0.8362357863480526,0.08794210213651948,8.794210213651949
58.891723,11.177699,11.16033333333333,Zostera marina,Swedish Skagerrak coast_10. Gullnäsholmen_NA_2000_NA_NA_58.891723_11.177699_1.93333333333333,3.179415,0.1046839266666667,0.005766195621217584,0.004982159781100442,0.34826825445462967,TRUE,TRUE,3,23.076923076923077,FALSE,TRUE,0.5766195621217585,0.1046839266666667,10.468392666666672,0.09891773104544913,9.891773104544914,0.008362357863480526,0.8362357863480526,0.09632156880318618,9.63215688031862
58.892038,11.195105,10.774,Zostera marina,Swedish Skagerrak coast_11. Tångeflo_NA_2000_NA_NA_58.892038_11.195105_2.36666666666667,3.179415,0.10106012,0.005766195621217584,0.004982159781100442,0.34826825445462967,TRUE,TRUE,3,23.076923076923077,FALSE,TRUE,0.5766195621217585,0.10106012,10.106012,0.09529392437878242,9.529392437878242,0.008362357863480526,0.8362357863480526,0.09269776213651948,9.269776213651948
58.869226,11.168709,12.3115,Zostera marina,Swedish Skagerrak coast_12. Vanarna_NA_2000_NA_NA_58.869226_11.168709_2.15,3.179415,0.11548187,0.005766640389600753,0.00498254396120509,0.40404202229243014,TRUE,TRUE,3,23.076923076923077,FALSE,TRUE,0.5766640389600752,0.11548187,11.548187,0.10971522961039924,10.971522961039925,0.008362357863480526,0.8362357863480526,0.10711951213651948,10.711951213651949
58.868978,11.187856,10.72366666666667,Zostera marina,Swedish Skagerrak coast_13. Tjärnöbo_NA_2000_NA_NA_58.868978_11.187856_1.7,3.179415,0.1005879933333333,0.005766640388955692,0.004982543960647937,0.3952748767532838,TRUE,TRUE,3,23.076923076923077,FALSE,TRUE,0.5766640388955693,0.1005879933333333,10.058799333333331,0.09482135294437762,9.482135294437763,0.008362357863480526,0.8362357863480526,0.09222563546985278,9.22256354698528
58.867784,11.19961,8.876666666666665,Zostera marina,Swedish Skagerrak coast_14. Dillehuvudet_NA_2000_NA_NA_58.867784_11.19961_1.6,3.179415,0.08326313333333331,0.005766640388955692,0.004982543960647937,0.3952748767532838,TRUE,TRUE,3,23.076923076923077,FALSE,TRUE,0.5766640388955693,0.08326313333333331,8.326313333333331,0.07749649294437762,7.749649294437762,0.008362357863480526,0.8362357863480526,0.07490077546985278,7.490077546985279
58.859056,11.193174,9.783,Zostera marina,Swedish Skagerrak coast_15. Styrsholmen_NA_2000_NA_NA_58.859056_11.193174_2.06666666666667,3.179415,0.09176453999999999,0.005766640388955692,0.004982543960647937,0.3952748767532838,TRUE,TRUE,3,23.076923076923077,FALSE,TRUE,0.5766640388955693,0.09176453999999999,9.176454,0.0859978996110443,8.599789961104431,0.008362357863480526,0.8362357863480526,0.08340218213651947,8.340218213651948
58.85325,11.178117,10.57166666666667,Zostera marina,Swedish Skagerrak coast_16. Råssösundet_NA_2000_NA_NA_58.85325_11.178117_1.86666666666667,3.179415,0.09916223333333332,0.005766640389600753,0.00498254396120509,0.40404202229243014,TRUE,TRUE,3,23.076923076923077,FALSE,TRUE,0.5766640389600752,0.09916223333333332,9.916223333333333,0.09339559294373256,9.339559294373258,0.008362357863480526,0.8362357863480526,0.0907998754698528,9.079987546985281
58.881703,10.99891,4.116666666666666,Zostera marina,Swedish Skagerrak coast_17. Syd-koster_NA_2000_NA_NA_58.881703_10.99891_2,3.179415,0.03861433333333333,0.005765428123844325,0.004981496748107921,0.4237985303797852,TRUE,TRUE,3,23.076923076923077,FALSE,TRUE,0.5765428123844325,0.03861433333333333,3.861433333333333,0.032848905209489,3.2848905209489003,0.008362357863480526,0.8362357863480526,0.030251975469852803,3.02519754698528
58.851463,10.996104,4.152,Zostera marina,Swedish Skagerrak coast_18. Burholmen_NA_2000_NA_NA_58.851463_10.996104_2.56666666666667,3.179415,0.03894576,0.005765072983218704,0.0049811899081849765,0.12778237157656794,TRUE,TRUE,3,23.076923076923077,FALSE,TRUE,0.5765072983218704,0.03894576,3.8945760000000003,0.0331806870167813,3.31806870167813,0.008362357863480526,0.8362357863480526,0.03058340213651948,3.0583402136519475
58.435719,11.439153,6.741,Zostera marina,Swedish Skagerrak coast_19. Vrångebäck_NA_2000_NA_NA_58.435719_11.439153_1.83333333333333,3.179415,0.06323058,0.005765329919477276,0.004981411902360561,0.42127278991068395,TRUE,TRUE,3,23.076923076923077,FALSE,TRUE,0.5765329919477277,0.06323058,6.323058,0.057465250080522716,5.746525008052272,0.008362357863480526,0.8362357863480526,0.05486822213651947,5.486822213651947
58.366064,11.376594,7.106333333333335,Zostera marina,Swedish Skagerrak coast_20. Styrsvik_NA_2000_NA_NA_58.366064_11.376594_2.9,3.179415,0.06665740666666667,0.005779676579061815,0.004993788129452418,0.6070771989547789,FALSE,TRUE,3,23.076923076923077,FALSE,TRUE,0.5779676579061815,0.06665740666666667,6.665740666666668,0.06087773008760485,6.087773008760487,0.008362357863480526,0.8362357863480526,0.058295048803186145,5.829504880318615
58.344933,11.367135,13.84666666666667,Zostera marina,Swedish Skagerrak coast_21. Sladholmen_NA_2000_NA_NA_58.344933_11.367135_2.5,3.179415,0.1298817333333333,0.005765075299531132,0.004981191909545443,0.3121211185206364,TRUE,TRUE,3,23.076923076923077,FALSE,TRUE,0.5765075299531132,0.1298817333333333,12.98817333333333,0.12411665803380217,12.411665803380217,0.008362357863480526,0.8362357863480526,0.12151937546985278,12.151937546985279
58.383159,11.439863,6.268666666666667,Zostera marina,Swedish Skagerrak coast_22. Norra Brofjorden_NA_2000_NA_NA_58.383159_11.439863_1.23333333333333,3.179415,0.05880009333333333,0.00576532991936919,0.0049814119022671775,0.40649444295271375,TRUE,TRUE,3,23.076923076923077,FALSE,TRUE,0.576532991936919,0.05880009333333333,5.880009333333334,0.05303476341396414,5.303476341396415,0.008362357863480526,0.8362357863480526,0.05043773546985281,5.043773546985281
58.366995,11.442899,7.561,Zostera marina,Swedish Skagerrak coast_23. Rixö_NA_2000_NA_NA_58.366995_11.442899_2.26666666666667,3.179415,0.07092217999999999,0.005779676579061815,0.004993788129452418,0.6070771989547789,FALSE,TRUE,3,23.076923076923077,FALSE,TRUE,0.5779676579061815,0.07092217999999999,7.092217999999999,0.06514250342093818,6.514250342093818,0.008362357863480526,0.8362357863480526,0.06255982213651946,6.255982213651946
58.348875,11.448873,5.835333333333334,Zostera marina,Swedish Skagerrak coast_24. Trommekilen_NA_2000_NA_NA_58.348875_11.448873_2.16666666666667,3.179415,0.05473542666666667,0.00577604627925302,0.004990660237129712,0.5855293635371646,FALSE,TRUE,3,23.076923076923077,FALSE,TRUE,0.577604627925302,0.05473542666666667,5.473542666666667,0.048959380387413654,4.895938038741365,0.008362357863480526,0.8362357863480526,0.046373068803186146,4.637306880318614
58.297454,11.493382,0.902,Zostera marina,Swedish Skagerrak coast_25. Finnsbo_NA_2000_NA_NA_58.297454_11.493382_1.76666666666667,3.179415,0.00846076,0.00579939951688111,0.005010678524705165,0.7073595491913911,FALSE,TRUE,1,7.6923076923076925,FALSE,TRUE,0.5799399516881111,0.00846076,0.8460759999999999,0.0026613604831188893,0.26613604831188886,0.008362357863480526,0.8362357863480526,9.840213651947372e-5,0.009840213651947316
58.262486,11.492739,10.13033333333333,Zostera marina,Swedish Skagerrak coast_26. Södra Lindholmen_NA_2000_NA_NA_58.262486_11.492739_1.2,3.179415,0.09502252666666666,0.005789732097978333,0.005002440709388802,0.6548467606533124,FALSE,TRUE,1,7.6923076923076925,FALSE,TRUE,0.5789732097978333,0.09502252666666666,9.502252666666667,0.08923279456868832,8.923279456868833,0.008362357863480526,0.8362357863480526,0.08666016880318614,8.666016880318615
58.248944,11.447898,3.126666666666666,Zostera marina,Swedish Skagerrak coast_27. Kristineberg_NA_2000_NA_NA_58.248944_11.447898_1.96666666666667,3.179415,0.02932813333333333,0.0057651394561504185,0.004981247342304901,0.48411838520299044,TRUE,TRUE,2,15.384615384615385,FALSE,TRUE,0.5765139456150419,0.02932813333333333,2.9328133333333333,0.02356299387718291,2.356299387718291,0.008362357863480526,0.8362357863480526,0.0209657754698528,2.0965775469852805
58.242508,11.411982,6.149333333333334,Zostera marina,Swedish Skagerrak coast_28. Norra Gåsö_NA_2000_NA_NA_58.242508_11.411982_1.85,3.179415,0.05768074666666666,0.0057651394561504185,0.004981247342304901,0.48411838520299044,TRUE,TRUE,2,15.384615384615385,FALSE,TRUE,0.5765139456150419,0.05768074666666666,5.768074666666666,0.05191560721051624,5.191560721051625,0.008362357863480526,0.8362357863480526,0.04931838880318613,4.9318388803186135
58.201762,11.430812,9.186666666666667,Zostera marina,Swedish Skagerrak coast_29. Skallhavet_NA_2000_NA_NA_58.201762_11.430812_2.25,3.179415,0.08617093333333334,0.005765072981787947,0.004981189906948761,0.06479094817862624,TRUE,TRUE,3,23.076923076923077,FALSE,TRUE,0.5765072981787948,0.08617093333333334,8.617093333333335,0.08040586035154539,8.04058603515454,0.008362357863480526,0.8362357863480526,0.07780857546985281,7.780857546985282
58.377284,11.566943,3.830666666666666,Zostera marina,Swedish Skagerrak coast_30. Holma_NA_2000_NA_NA_58.377284_11.566943_2.4,3.179415,0.03593165333333333,0.005501266098285432,0.004740568161011452,0.7634266365185772,FALSE,TRUE,1,7.6923076923076925,FALSE,TRUE,0.5501266098285432,0.03593165333333333,3.5931653333333333,0.030430387235047894,3.04303872350479,0.008362357863480526,0.8362357863480526,0.027569295469852803,2.7569295469852806
58.254532,11.598921,8.388,Zostera marina,Swedish Skagerrak coast_32. Hjältön_NA_2000_NA_NA_58.254532_11.598921_1.46666666666667,3.179415,0.07867943999999999,0.005662146189295154,0.004888723212107845,0.8025623932365841,FALSE,FALSE,0,0,FALSE,FALSE,0.5662146189295154,0.07867943999999999,7.867943999999999,0.07301729381070483,7.3017293810704835,0.008362357863480526,0.8362357863480526,0.07031708213651947,7.031708213651946
58.307243,11.677227,6.024000000000001,Zostera marina,Swedish Skagerrak coast_33. Hälle_NA_2000_NA_NA_58.307243_11.677227_2.86666666666667,3.179415,0.05650512000000001,0.005677821915204708,0.004902800964841533,0.7851199756012068,FALSE,TRUE,1,7.6923076923076925,FALSE,TRUE,0.5677821915204707,0.05650512000000001,5.650512000000002,0.0508272980847953,5.082729808479531,0.008362357863480526,0.8362357863480526,0.04814276213651949,4.814276213651949
58.332434,11.752959,0.781,Zostera marina,Swedish Skagerrak coast_34. Utby_NA_2000_NA_NA_58.332434_11.752959_2.2,3.179415,0.00732578,0.005728993604123162,0.0049484452360925996,0.4835894175357625,TRUE,TRUE,1,7.6923076923076925,FALSE,TRUE,0.5728993604123163,0.00732578,0.7325780000000001,0.0015967863958768376,0.1596786395876838,0.008362357863480526,0.8362357863480526,-0.0010365778634805261,-0.10365778634805256
58.331185,11.885558,1.795,Zostera marina,Swedish Skagerrak coast_35. Lindesnäs_NA_2000_NA_NA_58.331185_11.885558_2.3,3.179415,0.0168371,0.005765136905044549,0.004981245134324555,0.2559941884433021,TRUE,TRUE,2,15.384615384615385,FALSE,TRUE,0.576513690504455,0.0168371,1.68371,0.01107196309495545,1.107196309495545,0.008362357863480526,0.8362357863480526,0.008474742136519475,0.8474742136519474
58.231053,11.868074,6.347333333333334,Zostera marina,Swedish Skagerrak coast_36. Bukilen_NA_2000_NA_NA_58.231053_11.868074_2.6,3.179415,0.05953798666666667,0.005766082367524229,0.00498206194996387,0.27391592783493224,TRUE,TRUE,3,23.076923076923077,FALSE,TRUE,0.576608236752423,0.05953798666666667,5.953798666666668,0.053771904299142435,5.377190429914244,0.008362357863480526,0.8362357863480526,0.05117562880318614,5.117562880318615
58.10092,11.817351,3.656333333333334,Zostera marina,Swedish Skagerrak coast_37. Galterön_NA_2000_NA_NA_58.10092_11.817351_2.13333333333333,3.179415,0.03429640666666667,0.0057672929787967574,0.0049831075881316715,0.31938133092526533,TRUE,TRUE,2,15.384615384615385,FALSE,TRUE,0.5767292978796758,0.03429640666666667,3.4296406666666672,0.02852911368786991,2.8529113687869914,0.008362357863480526,0.8362357863480526,0.025934048803186144,2.5934048803186145
58.055347,11.810468,1.588,Zostera marina,Swedish Skagerrak coast_38. Stenungsund_NA_2000_NA_NA_58.055347_11.810468_1.83333333333333,3.179415,0.01489544,0.00576730691755033,0.0049831196261047855,0.3202869001632854,TRUE,TRUE,2,15.384615384615385,FALSE,TRUE,0.576730691755033,0.01489544,1.489544,0.009128133082449669,0.912813308244967,0.008362357863480526,0.8362357863480526,0.006533082136519474,0.6533082136519474
58.040979,11.810567,0.8616666666666667,Zostera marina,Swedish Skagerrak coast_39. Kråkenäs_NA_2000_NA_NA_58.040979_11.810567_1.66666666666667,3.179415,0.008082433333333333,0.005798884000474343,0.005010296598059207,0.4174877041197121,TRUE,TRUE,1,7.6923076923076925,FALSE,TRUE,0.5798884000474342,0.008082433333333333,0.8082433333333333,0.0022835493328589905,0.22835493328589906,0.008362357863480526,0.8362357863480526,-2.799245301471926e-4,-0.02799245301471931
58.028175,11.807907,1.771,Zostera marina,Swedish Skagerrak coast_40. Bärby holme_NA_2000_NA_NA_58.028175_11.807907_2.23333333333333,3.179415,0.01661198,0.005798884000474343,0.005010296598059207,0.4174877041197121,TRUE,TRUE,1,7.6923076923076925,FALSE,TRUE,0.5798884000474342,0.01661198,1.661198,0.010813095999525655,1.0813095999525657,0.008362357863480526,0.8362357863480526,0.008249622136519473,0.8249622136519473
58.003851,11.792653,1.537,Zostera marina,Swedish Skagerrak coast_41. Dagholmen_NA_2000_NA_NA_58.003851_11.792653_1.33333333333333,3.179415,0.01441706,0.005798884000474343,0.005010296598059207,0.4174877041197121,TRUE,TRUE,1,7.6923076923076925,FALSE,TRUE,0.5798884000474342,0.01441706,1.4417060000000002,0.008618175999525659,0.8618175999525659,0.008362357863480526,0.8362357863480526,0.006054702136519475,0.6054702136519475
57.94119,11.746612,3.158333333333333,Zostera marina,Swedish Skagerrak coast_42. Äspholmen_NA_2000_NA_NA_57.94119_11.746612_2.1,3.179415,0.02962516666666666,0.0057815624340698075,0.004995413039695272,0.5867717763183463,FALSE,TRUE,2,15.384615384615385,FALSE,TRUE,0.5781562434069808,0.02962516666666666,2.9625166666666662,0.023843604232596852,2.3843604232596856,0.008362357863480526,0.8362357863480526,0.021262808803186137,2.1262808803186135
57.926709,11.751402,0.4386666666666667,Zostera marina,Swedish Skagerrak coast_43. Ödsmåls kile_NA_2000_NA_NA_57.926709_11.751402_1.43333333333333,3.179415,0.004114693333333333,0.005781756562972299,0.004995580190263658,0.5901688583959405,FALSE,TRUE,2,15.384615384615385,FALSE,TRUE,0.5781756562972299,0.004114693333333333,0.41146933333333335,-0.0016670632296389657,-0.16670632296389654,0.008362357863480526,0.8362357863480526,-0.004247664530147193,-0.42476645301471927
57.895607,11.701617,2.542,Zostera marina,Swedish Skagerrak coast_44. Äslingsholmen_NA_2000_NA_NA_57.895607_11.701617_1.76666666666667,3.179415,0.02384396,0.00576811398387039,0.004983816541291293,0.5531475115996936,FALSE,TRUE,2,15.384615384615385,FALSE,TRUE,0.576811398387039,0.02384396,2.384396,0.01807584601612961,1.807584601612961,0.008362357863480526,0.8362357863480526,0.015481602136519475,1.5481602136519474
57.891825,11.697793,1.850333333333333,Zostera marina,Swedish Skagerrak coast_45. Norra Nordön_NA_2000_NA_NA_57.891825_11.697793_1.93333333333333,3.179415,0.01735612666666667,0.00576811398387039,0.004983816541291293,0.5531475115996936,FALSE,TRUE,2,15.384615384615385,FALSE,TRUE,0.576811398387039,0.01735612666666667,1.735612666666667,0.01158801268279628,1.1588012682796278,0.008362357863480526,0.8362357863480526,0.008993768803186144,0.8993768803186143
57.897927,11.690529,4.159333333333334,Zostera marina,Swedish Skagerrak coast_46. Bussholmen_NA_2000_NA_NA_57.897927_11.690529_2.36666666666667,3.179415,0.03901454666666667,0.00576811398387039,0.004983816541291293,0.5531475115996936,FALSE,TRUE,2,15.384615384615385,FALSE,TRUE,0.576811398387039,0.03901454666666667,3.901454666666667,0.033246432682796284,3.324643268279628,0.008362357863480526,0.8362357863480526,0.030652188803186146,3.0652188803186142
57.895081,11.677786,3.819,Zostera marina,Swedish Skagerrak coast_47. Vrångholmen_NA_2000_NA_NA_57.895081_11.677786_1.5,3.179415,0.03582221999999999,0.00576811398387039,0.004983816541291293,0.5531475115996936,FALSE,TRUE,2,15.384615384615385,FALSE,TRUE,0.576811398387039,0.03582221999999999,3.582221999999999,0.030054106016129598,3.00541060161296,0.008362357863480526,0.8362357863480526,0.027459862136519464,2.745986213651946
57.889165,11.709511,1.041,Zostera marina,Swedish Skagerrak coast_48. Kroken_NA_2000_NA_NA_57.889165_11.709511_1.5,3.179415,0.009764579999999998,0.005790880954310628,0.00500342681049708,0.5965692848557477,FALSE,TRUE,2,15.384615384615385,FALSE,TRUE,0.5790880954310629,0.009764579999999998,0.9764579999999999,0.0039736990456893705,0.39736990456893706,0.008362357863480526,0.8362357863480526,0.0014022221365194727,0.14022221365194731
57.882546,11.685117,3.76,Zostera marina,Swedish Skagerrak coast_49. Nordön_NA_2000_NA_NA_57.882546_11.685117_1.43333333333333,3.179415,0.0352688,0.0057681139834531376,0.004983816540931009,0.5748936228957947,FALSE,TRUE,2,15.384615384615385,FALSE,TRUE,0.5768113983453137,0.0352688,3.5268800000000007,0.029500686016546866,2.950068601654687,0.008362357863480526,0.8362357863480526,0.02690644213651948,2.690644213651948
57.796751,11.731759,1.725333333333333,Zostera marina,Swedish Skagerrak coast_50. Stora Överön_NA_2000_NA_NA_57.796751_11.731759_1.65,3.179415,0.01618362666666667,0.005768833249490809,0.004984437566667145,0.5629925823562717,FALSE,TRUE,3,23.076923076923077,FALSE,TRUE,0.5768833249490809,0.01618362666666667,1.618362666666667,0.01041479341717586,1.041479341717586,0.008362357863480526,0.8362357863480526,0.007821268803186144,0.7821268803186144
38.9667,21.0001,5.28,Unspecified,Ionian Sea_Amvrakikos Gulf_NA_2010_10_NA_38.9667_21.0001_32,0.635883,0.040803,0.00671898810695819,0.004785430649431314,0.8058950496217568,FALSE,FALSE,0,0,FALSE,FALSE,0.671898810695819,0.040803,4.0803,0.03408401189304181,3.4084011893041812,0.017929555202261735,1.7929555202261735,0.022873444797738264,2.287344479773827
