"metric","value"
"r2",0.969219513570154
"rmse",0.00455396013653874
