"metric","value"
"r2",0.968301356980788
"rmse",0.00462822912674225
