"model","predictor_set","mean_r2_1km","mean_rmse_1km"
"GAM","all",0.347284115841626,0.0359819134451288
"GPR","all",0.121785199764365,0.0269459599871825
"XGB","all",0.478627018126553,0.032530139736763
