"variable","rmse_increase","mae_increase","rmse_pct_increase"
"s3a_olci_errnt.20160425_20241231.l3m.cu.chl.chlor_a.4km",0.0122624282083822,0.00729556749481967,52.7781988933486
"gebco_2025_n61.0_s34.0_w_10.0_e35.0",-2.05417229059979e-10,-6.26919467727749e-11,-8.84127612183468e-07
