"configuration","mean_r2","sd_r2","mean_rmse","sd_rmse","n_folds_valid"
"env_only",0.461742978721665,0.30520624959304,0.0326772553238093,0.022924537001505,5
"env_plus_species",0.535843863086431,0.393171495316209,0.0197888510860778,0.0231933132693165,5
