"kernel","n_features","feature_set","mean_r2","sd_r2","mean_rmse","sd_rmse","n_folds_valid"
"gaussian",2,"all",0.164722037592368,0.209457829193301,0.0345898024431227,0.0122891593391987,5
"matern52",2,"all",0.140157418408419,0.193371332128946,0.0327288791472312,0.0176292120957422,5
"matern32",2,"all",0.134101788408588,0.175512368264568,0.0360321220627042,0.014004713031114,5
